-- phpMyAdmin SQL Dump
-- version 4.7.0
-- https://www.phpmyadmin.net/
--
-- Host: localhost
-- Generation Time: Jul 14, 2017 at 06:48 PM
-- Server version: 10.1.21-MariaDB
-- PHP Version: 5.6.30

SET AUTOCOMMIT = 0;
START TRANSACTION;
SET time_zone = "+00:00";


/*!40101 SET @OLD_CHARACTER_SET_CLIENT=@@CHARACTER_SET_CLIENT */;
/*!40101 SET @OLD_CHARACTER_SET_RESULTS=@@CHARACTER_SET_RESULTS */;
/*!40101 SET @OLD_COLLATION_CONNECTION=@@COLLATION_CONNECTION */;
/*!40101 SET NAMES utf8mb4 */;

--
-- Database: `it_asset_management`
--
CREATE DATABASE IF NOT EXISTS `it_asset_management` DEFAULT CHARACTER SET latin1 COLLATE latin1_swedish_ci;
USE it_asset_management;

-- --------------------------------------------------------

--
-- Table structure for table `assets`
--
-- Creation: Jul 10, 2017 at 04:04 PM
--

DROP TABLE IF EXISTS `assets`;
CREATE TABLE `assets` (
  `assetID` int(3) NOT NULL,
  `AssetDescription` varchar(150) DEFAULT NULL,
  `Employee` varchar(3) DEFAULT NULL,
  `AssetCategory` varchar(2) DEFAULT NULL,
  `Status` varchar(1) DEFAULT NULL,
  `Division` varchar(2) DEFAULT NULL,
  `Office` varchar(1) DEFAULT NULL,
  `Vendor` varchar(2) DEFAULT NULL,
  `SerialNumber` varchar(30) DEFAULT NULL,
  `AssetNumber` varchar(36) DEFAULT NULL,
  `ModelNumber` varchar(28) DEFAULT NULL,
  `DatePurchased` varchar(10) DEFAULT NULL,
  `DateIssued` varchar(10) DEFAULT NULL,
  `DateSold` varchar(10) DEFAULT NULL,
  `PurchasePrice` varchar(10) DEFAULT NULL,
  `CurrentPrice` varchar(10) DEFAULT NULL,
  `ExpiryDate` date NOT NULL
) ;

--
-- RELATIONSHIPS FOR TABLE `assets`:
--   `AssetCategory`
--       `asset_category` -> `assetCategoryID`
--   `Division`
--       `divisions` -> `divisionID`
--   `Employee`
--       `employees` -> `employeeID`
--   `Office`
--       `office` -> `officeID`
--   `Vendor`
--       `vendors` -> `vendorID`
--

--
-- Dumping data for table `assets`
--

INSERT INTO `assets` (`assetID`, `AssetDescription`, `Employee`, `AssetCategory`, `Status`, `Division`, `Office`, `Vendor`, `SerialNumber`, `AssetNumber`, `ModelNumber`, `DatePurchased`, `DateIssued`, `DateSold`, `PurchasePrice`, `CurrentPrice`, `ExpiryDate`) VALUES
(1, 'LENOVOTHINK CENTER SYSTEM UNIT', '105', '5', '1', '3', '6', '', 'CNFF906682', 'NCA/BOL/CPU/001/14', '', '', '', '', '', '', '0000-00-00'),
(2, 'Dell Optiplex 745', '10', '5', '2', '12', '1', '', '80045-149-845-039', 'NCA/RA/CPU/047', '', '', '', '', '', '', '0000-00-00'),
(3, 'Mouse', '10', '3', '2', '12', '1', '', 'HC7140A02H1', 'NCA/RA/MSE/047', '', '', '', '', '', '', '0000-00-00'),
(4, 'Keyboard', '10', '4', '2', '12', '1', '', 'CNORH6597371723', 'NCA/RA/KEY/047', '', '', '', '', '', '', '0000-00-00'),
(5, 'Speaker', '10', '', '', '', '', '', '', '', '', '', '', '', '', '', '0000-00-00'),
(6, 'Printer', '10', '6', '2', '12', '1', '', '', 'NCA/RA/PRIN/023', '', '', '', '', '', '', '0000-00-00'),
(7, 'Telephone', '10', '9', '2', '12', '1', '', '', 'NCA/RA/TEL/050', '', '', '', '', '', '', '0000-00-00'),
(8, 'Joycelyn Boamah', '57', '1', '2', '13', '1', '', 'CN-0C182J-74445-8C0-984L', 'NCA/DRA/SEC/MON/042', '', '', '', '', '', '', '0000-00-00'),
(9, 'System Unit', '57', '5', '2', '13', '1', '', '00144-054-497-919', 'NCA/DRA/SEC/CPU/042', '', '', '', '', '', '', '0000-00-00'),
(10, 'Mouse', '57', '3', '2', '13', '1', '', 'HIH010GP', '', '', '', '', '', '', '', '0000-00-00'),
(11, 'Printer', '57', '6', '2', '13', '1', '', '', 'NCA/DRA/SEC/PRIN/021', '', '', '', '', '', '', '0000-00-00'),
(12, 'Telephone', '57', '9', '2', '13', '1', '', '5IBKA225400', 'NCA/DRA/SEC/TEL/048', '', '', '', '', '', '', '0000-00-00'),
(13, 'Monitor', '56', '1', '2', '13', '1', '', 'CN-OC1825-74445-8CO-A25L', 'NCA/DRA/SEC/MON/044', '', '', '', '', '', '', '0000-00-00'),
(14, 'System Unit', '56', '5', '2', '13', '1', '', '00144-054-497-922', 'NCA/DRA/SEC/CPU/044', '', '', '', '', '', '', '0000-00-00'),
(15, 'Mouse', '56', '3', '2', '13', '1', '', 'I010IXZX', '', '', '', '', '', '', '', '0000-00-00'),
(16, 'Keyboard', '56', '4', '2', '13', '1', '', 'CN-ORH659-73571-922-04E9', 'NCA/DRA/SEC/KEY/044', '', '', '', '', '', '', '0000-00-00'),
(17, 'Printer', '56', '6', '2', '13', '1', '', '', 'NCA/DRA/SEC/PRIN/022', '', '', '', '', '', '', '0000-00-00'),
(18, 'Telephone', '56', '9', '2', '13', '1', '', 'XAN302010163-A', 'NCA/DRA/SEC/TEL/046', '', '', '', '', '', '', '0000-00-00'),
(19, 'Samsung Galaxy Note 5(Gold) & Phone Cover', '9', '10', '1', '2', '1', '5', '354608/07/029059/0', '', '', '', '', '', '', '', '0000-00-00'),
(20, 'Samsung Galaxy Note 5(Black) & Phone Cover', '15', '10', '1', '16', '1', '5', '352560/07/468923/0', '', '', '', '', '', '', '', '0000-00-00'),
(21, 'Samsung Galaxy Note 5(Gold) & Phone Cover', '7', '10', '1', '8', '1', '5', '354608/07/026098/1', '', '', '', '', '', '', '', '0000-00-00'),
(22, 'Samsung Galaxy Note 5(Gold) & Phone Cover', '10', '10', '1', '12', '1', '5', '354608/07/026106/2', '', '', '', '', '', '', '', '0000-00-00'),
(23, 'Samsung Galaxy Note 5(Gold) & Phone Cover', '12', '10', '1', '3', '1', '5', '354608/07/029360/2', '', '', '', '', '', '', '', '0000-00-00'),
(24, 'Samsung Galaxy Note 5(Gold) & Phone Cover', '55', '10', '1', '13', '1', '5', '354608/07/026708/5', '', '', '', '', '', '', '', '0000-00-00'),
(25, 'Samsung Galaxy Note 5(Gold) & Phone Cover', '4', '10', '1', '16', '1', '5', '354608/07/007417/6', '', '', '', '', '', '', '', '0000-00-00'),
(26, 'Samsung Galaxy Note 5(Black) & Phone Cover', '8', '10', '1', '11', '1', '5', '354608/07/029084/8', '', '', '', '', '', '', '', '0000-00-00'),
(27, 'Samsung Galaxy Note 5(Black) & Phone Cover', '6', '10', '1', '3', '1', '5', '352560/07/468882/8', '', '', '', '', '', '', '', '0000-00-00'),
(28, 'Samsung Galaxy Note 5(Gold) & Phone Cover', '14', '10', '1', '1', '1', '5', '354608/07/029084/8', '', '', '', '', '', '', '', '0000-00-00'),
(29, 'Samsung Galaxy Note 5(Gold) & Phone Cover', '11', '10', '1', '10', '1', '5', '354608/07/028357/9', '', '', '', '', '', '', '', '0000-00-00'),
(30, 'Samsung Galaxy Note 5(Gold) & Phone Cover', '2', '10', '1', '7', '1', '5', '354608/07/026947/9', '', '', '', '', '', '', '', '0000-00-00'),
(31, 'Lenovo', '30', '2', '1', '8', '1', '', 'MP12XFQ0', '', '', '', '', '', '', '', '0000-00-00'),
(32, 'Lenovo', '31', '2', '1', '8', '1', '', 'MP12XDPE', '', '', '', '', '', '', '', '0000-00-00'),
(33, 'Lenovo', '103', '2', '1', '9', '1', '', 'R90K81XP', '', '', '', '', '', '', '', '0000-00-00'),
(34, 'HP Spectrex 360', '5', '2', '1', '13', '1', '', 'SCD5280Q74', '', '', '', '', '', '', '', '0000-00-00'),
(35, 'Lenovo Yoga 500', '60', '2', '1', '13', '1', '', 'R90K7Y34', '', '', '', '', '', '', '', '0000-00-00'),
(36, 'Samsung Galaxy Note 5(Gold) & Phone Cover', '238', '10', '1', '8', '1', '', '354608/07/029360/2', '', '', '', '', '', '', '', '0000-00-00'),
(37, 'Samsung Galaxy Note 5(Black) & Phone Cover', '239', '10', '1', '11', '1', '', '352560/07/468897/6', '', '', '', '', '', '', '', '0000-00-00'),
(38, 'Lenovo Yoga 500', '10', '2', '1', '12', '1', '', 'R90K81WE', '', '', '', '', '', '', '', '0000-00-00'),
(39, 'Lenovo Yoga 500', '91', '2', '1', '10', '1', '', 'R9X0K81WH', '', '', '', '', '', '', '', '0000-00-00'),
(40, 'HP Bang', '4', '2', '1', '10', '1', '', '5CD539NM', '', '', '', '', '', '', '', '0000-00-00'),
(41, '', '', '', '', '', '', '', '', '', '', '', '', '', '', '', '0000-00-00'),
(42, 'HP', '273', '2', '1', '3', '1', '', 'CND5341WYY', '', '', '', '', '', '', '', '0000-00-00'),
(43, 'Lenovo Yoga 500', '203', '2', '1', '14', '1', '', 'R90K7Y04', '', '', '', '', '', '', '', '0000-00-00'),
(44, 'Lenovo Yoga 500', '202', '2', '1', '14', '1', '', 'R90K7YON', '', '', '', '', '', '', '', '0000-00-00'),
(45, 'Lenovo Yoga 500', '8', '2', '1', '2', '1', '', 'R90K7Y30', '', '', '2016-10-17', '', '', '', '', '0000-00-00'),
(46, 'Lenovo Yoga 500', '69', '2', '1', '12', '1', '', 'R90K7Y05', '', '', '', '', '', '', '', '0000-00-00'),
(47, 'Lenovo Yoga 500', '62', '2', '1', '12', '1', '', 'R90K81W3', '', '', '', '', '', '', '', '0000-00-00'),
(48, 'Lenovo Yoga 500', '61', '2', '1', '12', '1', '', 'R90K81WE', '', '', '', '', '', '', '', '0000-00-00'),
(49, 'Lenovo Yoga 500', '2', '2', '1', '14', '1', '', 'R90K7YOX', '', '', '', '', '', '', '', '0000-00-00'),
(50, 'Toshiba Satellite', '187', '2', '1', '16', '1', '', '90025816k', '', '', '', '', '', '', '', '0000-00-00'),
(51, 'Toshiba Satellite', '275', '2', '1', '12', '1', '', 'R1T16LT0012', '', '', '', '', '', '', '', '0000-00-00'),
(52, 'HP Probook', '276', '2', '1', '12', '1', '', 'MNC16LT0036', '', '', '', '', '', '', '', '0000-00-00'),
(53, 'Toshiba Satellite', '70', '2', '1', '12', '1', '', '9C032733K', '', '', '', '', '', '', '', '0000-00-00'),
(54, 'Probook Laptop', '193', '2', '1', '12', '1', '', '00186-70-136-531', '', '', '', '', '', '', '', '0000-00-00'),
(55, 'Lenovo Yoga 4', '277', '2', '1', '13', '1', '', 'MP12XDPE', '', '', '', '', '', '', '', '0000-00-00'),
(56, 'HP', '278', '2', '1', '8', '1', '', 'SCT:RCPIN31131115', '', '', '', '', '', '', '', '0000-00-00'),
(57, 'HP', '279', '2', '1', '8', '1', '', 'SCT:RCPIN31131115', '', '', '', '', '', '', '', '0000-00-00'),
(58, '', '', '', '', '', '', '', '', '', '', '', '', '', '', '', '0000-00-00'),
(59, 'All-In-One Dell', '7', '15', '1', '8', '1', '1', '2Rp8772', '', '', '', '', '', '', '', '0000-00-00'),
(60, 'All-In-One Dell', '6', '15', '1', '3', '1', '1', '5RP8772', '', '', '', '', '', '', '', '0000-00-00'),
(61, 'All-In-One Dell', '2', '15', '1', '14', '1', '1', '4QP8772', '', '', '', '', '', '', '', '0000-00-00'),
(62, 'All-In-One Dell', '9', '15', '1', '2', '1', '1', 'HRP8772', '', '', '', '', '', '', '', '0000-00-00'),
(63, 'All-In-One Dell', '3', '15', '1', '7', '1', '1', 'CN077V23-75134SAN-2T7K-A00', '', '', '', '', '', '', '', '0000-00-00'),
(64, 'All-In-One Dell', '14', '15', '1', '1', '1', '1', 'CPQ8772', '', '', '', '', '', '', '', '0000-00-00'),
(65, 'All-In-One Dell', '5', '15', '1', '13', '1', '1', '9LP8772', '', '', '', '', '', '', '', '0000-00-00'),
(66, 'All-In-One Dell', '4', '15', '1', '16', '1', '1', '8RP8772', '', '', '', '', '', '', '', '0000-00-00'),
(67, 'TOSHIBA', '7', '2', '2', '8', '1', '1', '38338795', '', '', '2011-04-03', '', '', '', '', '0000-00-00'),
(68, 'TOSHIBA', '11', '2', '2', '10', '1', '1', '3823535K', '', '', '', '', '', '', '', '0000-00-00'),
(69, '', '', '', '', '', '', '', '', '', '', '', '', '', '', '', '0000-00-00'),
(70, 'DELL SYSTEM UNIT', '142', '5', '1', '2', '1', '1', '', '', '', '', '2016-02-01', '', '', '', '0000-00-00'),
(71, 'DELL MONITOR', '142', '1', '1', '2', '1', '1', '', '', '', '', '2016-02-01', '', '', '', '0000-00-00'),
(72, 'DELL KEY BOARD', '142', '4', '1', '2', '1', '1', '', '', '', '', '2016-02-01', '', '', '', '0000-00-00'),
(73, '', '', '', '', '', '', '', '', '', '', '', '', '', '', '', '0000-00-00'),
(74, 'Dell System Unit', '280', '5', '1', '2', '1', '1', '', '', '', '', '2016-11-23', '', '', '', '0000-00-00'),
(75, 'Dell Monitor', '280', '1', '1', '2', '1', '1', '', '', '', '', '2016-11-23', '', '', '', '0000-00-00'),
(76, 'dell key borad', '280', '4', '1', '2', '1', '1', '', '', '', '', '2016-11-23', '', '', '', '0000-00-00'),
(77, 'dell System Unit', '144', '5', '1', '2', '1', '1', '', '', '', '', '2016-11-23', '', '', '', '0000-00-00'),
(78, 'Dell monitor', '144', '1', '1', '2', '1', '1', '', '', '', '', '2016-11-23', '', '', '', '0000-00-00'),
(79, 'Dell key Board', '144', '4', '1', '2', '1', '1', '', '', '', '', '2016-11-23', '', '', '', '0000-00-00'),
(80, 'Dell System unit', '137', '5', '1', '2', '1', '1', '', '', '', '', '2016-12-05', '', '', '', '0000-00-00'),
(81, 'Dell Monitor', '137', '1', '1', '2', '1', '1', '', '', '', '', '2016-12-05', '', '', '', '0000-00-00'),
(82, 'Dell KeyBoard', '137', '4', '1', '2', '1', '1', '', '', '', '', '2016-12-05', '', '', '', '0000-00-00'),
(83, 'Dell System Unit', '180', '5', '1', '2', '1', '1', '', '', '', '', '2016-09-27', '', '', '', '0000-00-00'),
(84, 'Dell Monitor', '180', '1', '1', '2', '1', '1', '', '', '', '', '2016-09-27', '', '', '', '0000-00-00'),
(85, 'Dell keyboard', '180', '4', '1', '2', '1', '1', '', '', '', '', '2016-09-27', '', '', '', '0000-00-00'),
(86, 'Dell System Unit', '200', '5', '1', '13', '1', '1', '', '', '', '', '2016-11-23', '', '', '', '0000-00-00'),
(87, 'Dell Monitor', '200', '1', '1', '13', '1', '1', '', '', '', '', '2016-11-23', '', '', '', '0000-00-00'),
(88, 'Dell Keyboard', '200', '4', '1', '13', '1', '1', '', '', '', '', '2016-11-23', '', '', '', '0000-00-00'),
(89, 'Dell System Unit', '185', '5', '1', '13', '1', '1', '', '', '', '', '2016-11-23', '', '', '', '0000-00-00'),
(90, 'Dell Monitor', '185', '1', '1', '13', '1', '1', '', '', '', '', '2016-11-23', '', '', '', '0000-00-00'),
(91, 'Dell Keyboard', '185', '4', '1', '13', '1', '1', '', '', '', '', '2016-11-23', '', '', '', '0000-00-00'),
(92, '', '', '', '', '', '', '', '', '', '', '', '', '', '', '', '0000-00-00'),
(93, 'Dell System Unit', '281', '5', '1', '13', '1', '1', '', '', '', '', '2016-11-23', '', '', '', '0000-00-00'),
(94, 'Dell Monitor', '281', '1', '1', '13', '1', '1', '', '', '', '', '2016-11-23', '', '', '', '0000-00-00'),
(95, 'Dell keyboard', '281', '4', '1', '13', '1', '1', '', '', '', '', '2016-11-23', '', '', '', '0000-00-00'),
(96, 'Dell Monitor', '199', '5', '1', '13', '1', '1', '', '', '', '', '2016-11-23', '', '', '', '0000-00-00'),
(97, 'Dell Keyboard', '199', '4', '1', '13', '1', '1', '', '', '', '', '2016-11-23', '', '', '', '0000-00-00'),
(98, '', '', '', '', '', '', '', '', '', '', '', '', '', '', '', '0000-00-00'),
(99, 'Dell System unit', '282', '5', '1', '13', '1', '1', '', '', '', '', '2016-11-23', '', '', '', '0000-00-00'),
(100, 'Dell Monitor', '282', '1', '1', '13', '1', '1', '', '', '', '', '2016-11-23', '', '', '', '0000-00-00'),
(101, 'Dell Keyboard', '282', '4', '1', '13', '1', '1', '', '', '', '', '2016-11-23', '', '', '', '0000-00-00'),
(102, '', '201', '5', '1', '1', '1', '1', '', '', '', '', '2016-11-22', '', '', '', '0000-00-00'),
(103, 'Dell Monitor', '201', '1', '1', '13', '1', '1', '', '', '', '', '2016-11-22', '', '', '', '0000-00-00'),
(104, 'Dell Keyboard', '201', '4', '1', '1', '1', '1', '', '', '', '', '2016-11-22', '', '', '', '0000-00-00'),
(105, 'Dell SytemUnit', '220', '5', '1', '1', '1', '1', '', '', '', '', '2016-11-22', '', '', '', '0000-00-00'),
(106, 'Dell  Monitor', '220', '1', '1', '1', '1', '1', '', '', '', '', '2016-11-24', '', '', '', '0000-00-00'),
(107, 'Dell System Unit', '213', '5', '1', '9', '1', '1', '', '', '', '', '2016-11-23', '', '', '', '0000-00-00'),
(108, 'Dell Monitor', '213', '1', '1', '9', '1', '1', '', '', '', '', '2016-11-23', '', '', '', '0000-00-00'),
(109, 'Dell Keyboard', '213', '4', '1', '9', '1', '1', '', '', '', '', '2016-11-23', '', '', '', '0000-00-00'),
(110, 'Dell System Unit', '160', '5', '1', '14', '1', '1', '', '', '', '', '2016-11-23', '', '', '', '0000-00-00'),
(111, 'Dell Monitor', '160', '1', '1', '14', '1', '1', '', '', '', '', '2016-11-23', '', '', '', '0000-00-00'),
(112, 'Dell Keyboard', '160', '4', '1', '14', '1', '1', '', '', '', '', '2016-11-23', '', '', '', '0000-00-00'),
(113, 'Dell  System Unit', '156', '5', '1', '14', '1', '1', '', '', '', '', '2016-11-23', '', '', '', '0000-00-00'),
(114, 'Dell  Monitor', '156', '1', '1', '14', '1', '1', '', '', '', '', '2016-11-23', '', '', '', '0000-00-00'),
(115, 'Dell Keyboard', '156', '4', '1', '14', '1', '1', '', '', '', '', '2016-11-23', '', '', '', '0000-00-00'),
(116, 'Dell System Unit', '207', '5', '1', '2', '1', '1', '', '', '', '', '2016-12-12', '', '', '', '0000-00-00'),
(117, 'Dell Monitor', '207', '1', '1', '2', '1', '1', '', '', '', '', '2016-12-12', '', '', '', '0000-00-00'),
(118, 'Dell Keyboard', '207', '4', '1', '2', '1', '1', '', '', '', '', '2016-12-12', '', '', '', '0000-00-00'),
(119, '', '', '', '', '', '', '', '', '', '', '', '', '', '', '', '0000-00-00'),
(121, 'Catalyst 2960 Plus Series PoE', '286', '12', '1', '1', '1', '6', 'RIT160T0052', '', '', '', '', '', '', '', '0000-00-00'),
(122, 'Catalyst 2960 Plus Series PoE', '286', '12', '1', '1', '1', '6', 'RIT160T0052', '', '', '', '', '', '', '', '0000-00-00'),
(123, 'Catalyst 2960 Plus Series PoE', '286', '12', '1', '1', '1', '9', 'RIT160T0064', '', '', '', '', '', '', '', '0000-00-00'),
(124, 'Dell', '286', '11', '1', '1', '1', '6', 'BV4HKG2', '', '', '', '', '', '', '', '0000-00-00'),
(125, 'Sigos MC8704', '286', '11', '1', '1', '1', '9', 'RIT160T0065', '', '', '', '', '', '', '', '0000-00-00'),
(126, 'KVM Monitor', '286', '1', '1', '1', '1', '9', 'RIT160T0042', '', '', '', '', '', '', '', '0000-00-00'),
(127, 'Switch Combo 8', '286', '12', '1', '1', '1', '9', 'RIT160T0066', '', '', '', '', '', '', '', '0000-00-00'),
(128, 'VPN', '286', '11', '1', '1', '1', '9', 'SN: CVZJO410R95', '', '', '', '', '', '', '', '0000-00-00'),
(130, 'BVSIMMUX-SRV', '286', '12', '1', '1', '1', '9', 'RIT160T0043', '', '', '', '', '', '', '', '0000-00-00'),
(131, 'BVCU-SRV', '286', '11', '1', '1', '1', '9', 'RIT160T0045', '', '', '', '', '', '', '', '0000-00-00'),
(132, 'BVUI-SRV', '286', '11', '1', '1', '1', '9', 'RIT160T0046', '', '', '', '', '', '', '', '0000-00-00'),
(133, 'UPS', '286', '12', '1', '1', '1', '9', 'RIT160T0047 &48', '', '', '', '', '', '', '', '0000-00-00'),
(134, 'Catalyst 2960 Series POE -24', '286', '12', '1', '1', '1', '7', 'RIT160T0063', '', '', '', '', '', '', '', '0000-00-00'),
(135, 'PowerEdge R720', '286', '11', '1', '1', '1', '7', 'RIT160T0040', '', '', '', '', '', '', '', '0000-00-00'),
(136, 'PowerEdge R720', '286', '11', '1', '1', '1', '7', '', 'RIT160T0039', '', '', '', '', '', '', '0000-00-00'),
(137, 'PowerEdge R720', '286', '11', '1', '1', '1', '7', 'RIT160T0038', '', '', '', '', '', '', '', '0000-00-00'),
(138, 'PowerEdge R720', '286', '11', '1', '1', '1', '7', 'RIT160T0037', 'RIT160T0037', '', '', '', '', '', '', '0000-00-00'),
(140, 'Pro liant DL 380P', '286', '11', '1', '1', '1', '7', 'RIT160T0072 & 71', '', '', '', '', '', '', '', '0000-00-00'),
(141, 'PowerEdge 2950', '286', '11', '1', '1', '1', '7', 'RIT160T0073', '', '', '', '', '', '', '', '0000-00-00'),
(142, 'Qos Server', '286', '11', '1', '1', '1', '7', 'RIT160T0074', '', '', '', '', '', '', '', '0000-00-00'),
(143, 'Cisco C3850', '286', '11', '1', '1', '1', '7', 'SN: 2288-13-1086', '', '', '', '', '', '', '', '0000-00-00'),
(144, 'Cisco C3850', '286', '12', '1', '1', '1', '7', 'RIT160T0060', '', '', '', '', '', '', '', '0000-00-00'),
(145, 'Catalyst 2960 Plus Series POE', '286', '12', '1', '1', '1', '7', 'RIT160T0061', '', '', '', '', '', '', '', '0000-00-00'),
(146, 'Catalyst 2960 Series SI', '286', '12', '1', '1', '1', '7', 'SN:COMSH00ARC', '', '', '', '', '', '', '', '0000-00-00'),
(147, 'Catalyst 2960 Plus Series POE', '286', '12', '1', '1', '1', '7', 'RIT160T0027 & 28', '', '', '', '', '', '', '', '0000-00-00'),
(148, 'Dell Power Edge R720', '286', '11', '1', '1', '1', '7', '', 'RIT160T0070', '', '', '', '', '', '', '0000-00-00'),
(149, 'Dell Optiplex 780', '286', '11', '1', '1', '1', '7', 'NCA/LEGAL/SEC/CPU/015/14', '', '', '', '', '', '', '', '0000-00-00'),
(150, 'PowerEdge R710', '286', '11', '1', '1', '1', '7', 'SN: JYBC8P1', '', '', '', '', '', '', '', '0000-00-00'),
(151, 'Catalyst 2960 Series SI', '286', '12', '1', '1', '1', '7', 'RIT160T0057', '', '', '', '', '', '', '', '0000-00-00'),
(152, 'Catalyst 2960-X Series', '286', '12', '1', '1', '1', '10', 'SN: FCW192A3E4', '', '', '', '', '', '', '', '0000-00-00'),
(153, 'Catalyst 2960-X Series', '286', '12', '1', '1', '1', '10', 'SN: FCW1942A3CD', '', '', '', '', '', '', '', '0000-00-00'),
(154, 'Catalyst 2960 Series SI', '286', '12', '1', '1', '1', '10', 'RIT160T0029', '', '', '', '', '', '', '', '0000-00-00'),
(155, 'Catalyst 2960-X Series', '286', '12', '1', '1', '1', '10', 'RIT160T0030', '', '', '', '', '', '', '', '0000-00-00'),
(156, 'Catalyst 2960 -X Series', '286', '12', '1', '1', '1', '10', 'RIT160T0031', '', '', '', '', '', '', '', '0000-00-00'),
(157, 'Catalyst 2960-X Series', '286', '12', '1', '1', '1', '10', 'RIT160T0032', '', '', '', '', '', '', '', '0000-00-00'),
(158, 'Dell n1524', '286', '12', '1', '1', '1', '8', '', '', '', '', '', '', '', '', '0000-00-00'),
(159, 'PowerEdge R630', '286', '11', '1', '1', '1', '8', '', '', '', '', '', '', '', '', '0000-00-00'),
(160, 'PowerEdge R630', '286', '12', '1', '1', '1', '8', '', '', '', '', '', '', '', '', '0000-00-00'),
(161, 'PowerEdge R630', '286', '11', '1', '1', '1', '8', '', '', '', '', '', '', '', '', '0000-00-00'),
(162, 'PowerEdge R630', '286', '12', '1', '1', '1', '8', '', '', '', '', '', '', '', '', '0000-00-00'),
(163, 'PowerEdge R630', '286', '11', '1', '1', '1', '8', '', '', '', '', '', '', '', '', '0000-00-00'),
(164, 'PowerEdge R630', '286', '11', '1', '1', '1', '8', '', '', '', '', '', '', '', '', '0000-00-00'),
(165, 'PowerEdge R630', '286', '11', '1', '1', '1', '8', '', '', '', '', '', '', '', '', '0000-00-00'),
(166, 'PowerEdge R630', '286', '11', '1', '1', '1', '8', '', '', '', '', '', '', '', '', '0000-00-00'),
(167, 'PowerEdge R630', '286', '11', '1', '1', '1', '8', '', '', '', '', '', '', '', '', '0000-00-00'),
(168, 'Dell n1524', '286', '12', '1', '1', '1', '8', '', '', '', '', '', '', '', '', '0000-00-00'),
(169, 'UPS', '286', '15', '', '', '', '', '', '', '', '', '', '', '', '', '0000-00-00'),
(170, '', '', '', '', '', '', '', '', '', '', '', '', '', '', '', '0000-00-00'),
(188, '', '287', '', '', '', '', '', 'RNV08616', '', '', '', '', '', '', '', '0000-00-00'),
(189, '', '287', '', '', '', '', '', '', '', '', '', '', '', '', '', '0000-00-00'),
(190, 'Large Photo Copier Cannon', '287', '8', '1', '4', '1', '3', 'RNV08616', '', '', '', '', '', '', '', '0000-00-00'),
(191, 'Large Photo Copier Cannon', '288', '8', '1', '3', '1', '3', 'RNV06902', '', '', '', '', '', '', '', '0000-00-00'),
(192, 'Large Photo Copier Cannon', '300', '8', '1', '4', '1', '3', '', '', '', '', '', '', '', '', '0000-00-00'),
(193, 'Large Photo Copier Cannon', '289', '8', '1', '8', '1', '3', '', '', '', '', '', '', '', '', '0000-00-00'),
(194, 'Large Photo Copier Cannon', '290', '8', '1', '2', '1', '3', 'RNV06781', '', '', '', '', '', '', '', '0000-00-00'),
(195, 'Large Photo Copier Cannon', '291', '8', '1', '9', '1', '3', 'RNV06863', '', '', '', '', '', '', '', '0000-00-00'),
(196, 'Large Photo Copier Cannon', '292', '8', '1', '12', '1', '3', 'RNV06829', '', '', '', '', '', '', '', '0000-00-00'),
(197, 'Large Photo Copier Cannon', '293', '8', '1', '14', '1', '3', '', '', '', '', '', '', '', '', '0000-00-00'),
(198, 'Large Photo Copier Cannon', '296', '8', '1', '11', '1', '3', 'NZU42083', '', '', '', '', '', '', '', '0000-00-00'),
(199, 'Large Photo Copier Cannon', '294', '8', '1', '16', '1', '3', 'RNV08608', '', '', '', '', '', '', '', '0000-00-00'),
(202, 'HP Pavalion', '229', '2', '1', '4', '1', '1', '15-au151nrTouch', '', '', '', '2017-03-07', '', '', '', '0000-00-00'),
(203, 'HP Pavalion', '128', '2', '1', '4', '1', '1', '15zTouch', '', '', '', '2017-03-07', '', '', '', '0000-00-00'),
(204, 'HP Pavalion', '56', '2', '1', '4', '1', '1', '15zTouch', '', '', '', '2017-03-07', '', '', '', '0000-00-00'),
(205, 'Dell Monitor', '68', '1', '1', '13', '1', '', '', '', '', '', '2017-03-10', '', '', '', '0000-00-00'),
(206, '', '', '', '', '', '', '', '', '', '', '', '', '', '', '', '0000-00-00'),
(207, '', '', '', '', '', '', '', '', '', '', '', '', '', '', '', '0000-00-00'),
(208, 'APC Smart UPS 1000', '303', '16', '1', '1', '5', '', 'SMC100I3S1520X03842', 'NCA/KSI/UPS/003/16', '', '', '', '', '', '', '0000-00-00'),
(209, 'Cisco series Router', '303', '13', '1', '1', '5', '', 'FCZ2045133R', '', '', '', '', '', '', '', '0000-00-00'),
(210, '', '', '', '', '', '', '', '', '', '', '', '', '', '', '', '0000-00-00'),
(211, 'Dell Desktop Monitor', '304', '1', '1', '1', '5', '', 'CN-04H19R-72872-21H-K18L', 'NCA/KZO/IT./DCM/001/11', '', '', '', '', '', '', '0000-00-00'),
(212, 'Dell Desktop Keyboard', '304', '3', '1', '1', '5', '', 'CN-0DJ331-71616-0AT-01GJ', 'NCA/KZO/IT./KEY-B/001/11', '', '', '', '', '', '', '0000-00-00'),
(213, 'Dell Optiplex 780 System unit', '304', '5', '1', '1', '5', '', '4MKT72S', 'NCA/KZO/IT./CPU/001/11', '', '', '', '', '', '', '0000-00-00'),
(214, 'Computer Mouse', '304', '3', '1', '1', '5', '', 'DPPID:CN-011D3V-715-0A1-0KSA', 'NCA/KZO/IT./CM/001/11', '', '', '', '', '', '', '0000-00-00'),
(215, 'Telephone  Handset', '304', '9', '1', '1', '5', '', 'WTO 98005069', 'NCA/KZO/IT./DTOT/001/11', '', '', '', '', '', '', '0000-00-00'),
(216, 'Telephone  Handset', '304', '9', '1', '1', '5', '', 'XAN204033211-A', 'NCA/KZO/CCAD/DTOT/001/11', '', '', '', '', '', '', '0000-00-00'),
(217, 'HP Scanjet G2410', '305', '7', '1', '1', '5', '', 'CN21DE2117 L2694A-301', 'NCA/KZO/GOU/SCAN/001/12', '', '', '', '', '', '', '0000-00-00'),
(218, 'Photocopier IR2018', '305', '8', '1', '1', '5', '', '(C1)GVC01384', 'NCA/KZO/BR/CPM/001/11', '', '', '', '', '', '', '0000-00-00'),
(219, 'HP Laser Printer P3015', '305', '6', '1', '1', '5', '', 'VNBVB78G34', 'NCA/KZO/GOU/NNP/001/11', '', '', '', '', '', '', '0000-00-00'),
(220, 'HP Laser Printer M605n', '305', '6', '1', '1', '5', '', 'CNCVH920W8', 'NCA/KSI/3.W/PRINT/001/16', '', '', '', '', '', '', '0000-00-00'),
(221, 'Dell Desktop Monitor', '305', '1', '1', '1', '5', '', 'CN-02N00N-64180-16A-2L2S', 'NCA/KZO/ACCT/DCM/011', '', '', '', '', '', '', '0000-00-00'),
(222, 'Desktop Keyboard', '305', '4', '1', '1', '5', '', 'CN-01HF2Y-71616-74U-0N0L', 'NCA/ACCT/KEY/011', '', '', '', '', '', '', '0000-00-00'),
(223, 'Computer Mouse', '305', '3', '1', '1', '5', '', 'CN-011D3V-71581-15N-0K0Y', 'NCA/KZO/GOU/CM/001/11', '', '', '', '', '', '', '0000-00-00'),
(224, 'System Unit', '305', '5', '1', '1', '5', '', 'G7K9VQ1', 'NCA/KZO/GOU/CPU/001/11', '', '', '', '', '', '', '0000-00-00'),
(225, 'HP Laser Printer CP2025n', '306', '6', '1', '1', '5', '', 'CNCF235915', 'NCA/KZO/ZMO/CAP/001/11', '', '', '', '', '', '', '0000-00-00'),
(226, 'HP Scanjet G3110', '306', '7', '1', '1', '5', '', 'CN065A516Z', 'NCA/KZO/ZMO/SCAN001/001/11', '', '', '', '', '', '', '0000-00-00'),
(227, 'Chino-E Y043 Desk Telephone', '306', '9', '1', '1', '5', '', 'WT098005069', 'NCA/KZO/ZMO/DTOT/001/11', '', '', '', '', '', '', '0000-00-00'),
(228, 'Toshiba Business Telephone Model DKT3210-SD', '306', '9', '1', '1', '5', '', 'LE911048', 'NCA/KZO/ZMO/PABX/003/13', '', '', '', '', '', '', '0000-00-00'),
(229, '', '1', '1', '1', '9', '8', '', 'VIG9926', 'NCA/SUN/MON/004/14', '', '', '', '', '', '', '0000-00-00'),
(230, '', '1', '4', '1', '9', '8', '', '5045274', 'NCA/SUN/KEY/004/14', '', '', '', '', '', '', '0000-00-00'),
(231, 'EATON', '1', '16', '1', '9', '', '', 'ENV1000H', 'NCA/SUN/UPS/008/14', '', '', '', '', '', '', '0000-00-00'),
(232, 'LENOVO', '1', '5', '1', '9', '', '', '', 'NCA/SUN/CPU/004/14', '', '', '', '', '', '', '0000-00-00'),
(233, 'HP', '1', '7', '1', '', '', '', '', 'NCA/SUN/SCA/001/14', '', '', '', '', '', '', '0000-00-00'),
(234, 'PANASONIC', '1', '9', '1', '9', '', '', '', 'NCA/SUN/TEL/007/14', '', '', '', '', '', '', '0000-00-00'),
(235, 'LENOVO', '1', '1', '1', '', '', '', 'VIH0032', 'NCA/SUN/MON/006/14', '', '', '', '', '', '', '0000-00-00'),
(236, 'LENOVO', '1', '5', '1', '2', '8', '', 'PB0077JL', 'NCA/SUN/CPU/008/14', '', '', '', '', '', '', '0000-00-00'),
(237, 'EATON', '1', '16', '1', '2', '8', '', '', 'NCA/SUN/UPS/007/14', '', '', '', '', '', '', '0000-00-00'),
(238, 'LENOVO', '1', '3', '1', '2', '8', '', '', 'NCA/SUN/MSE/008/14', '', '', '', '', '', '', '0000-00-00'),
(239, 'LENOVO', '1', '4', '1', '2', '8', '', '5045813', 'NCA/SUN/KEY/007/14', '', '', '', '', '', '', '0000-00-00'),
(240, '', '1', '', '', '', '', '', '', '', '', '', '', '', '', '', '0000-00-00'),
(241, 'Projector', '', '', '', '', '', '', '', '', '', '', '', '', '', '', '0000-00-00'),
(242, 'Fax', '', '', '', '', '', '', '', '', '', '', '', '', '', '', '0000-00-00'),
(244, 'Shredder', '', '', '', '', '', '', '', '', '', '', '', '', '', '', '0000-00-00'),
(245, 'Lenovo Laptop', '311', '2', '1', '', '', '', '', 'NCA/SUN/LPC/001/14', '', '', '', '', '', '', '0000-00-00'),
(246, 'LG TV', '', '', '', '', '', '', '', '', '', '', '', '', '', '', '0000-00-00'),
(247, 'Decorder', '', '', '', '', '', '', '', '', '', '', '', '', '', '', '0000-00-00'),
(248, 'Lenovo Monitor', '1', '1', '1', '3', '3', '', 'V1G9928', 'NCA/KD/MON/003/14', '', '', '', '', '', '', '0000-00-00'),
(249, '', '', '', '', '', '', '', '', '', '', '', '', '', '', '', '0000-00-00'),
(250, 'Lenovo Keyboard', '311', '4', '1', '17', '8', '', '5045274', 'NCA/SUN/KEY/004/14', '', '', '', '', '', '', '0000-00-00'),
(251, 'Lenovo', '311', '5', '1', '17', '8', '', '', 'NCA/SUN/CPU/004/14', '', '', '', '', '', '', '0000-00-00'),
(252, 'Laser Fax Machine KX-FL-422 CX', '305', '17', '1', '1', '5', '', '0HBWE025655', 'NCA/KZO/ZMO/FAX.M/001/11', '', '', '', '', '', '', '0000-00-00'),
(253, 'HP', '311', '7', '1', '17', '8', '', '', 'NCA/SUN/SCA/001/14', '', '', '', '', '', '', '0000-00-00'),
(254, 'Panasonic', '311', '9', '1', '17', '8', '', '', 'NCA/SUN/TEL/007/14', '', '', '', '', '', '', '0000-00-00'),
(255, 'Epson Projector', '305', '18', '1', '1', '5', '', 'NE6F0878732', 'NCA/KZO/ADMIN./PJT/001/11', '', '', '', '', '', '', '0000-00-00'),
(256, 'Swordfish 8 Sheet Micro Cut 800 XXC Shredder', '305', '19', '1', '1', '5', '', 'PO3299/00080', '', '', '', '', '', '', '', '0000-00-00'),
(257, 'Geha Top Secret 245 Shredder', '306', '19', '1', '1', '5', '', '310145078', 'NCA/KZO/ZMO/SHR/001/11', '', '', '', '', '', '', '0000-00-00'),
(258, '', '', '', '', '', '', '', '', '', '', '', '', '', '', '', '0000-00-00'),
(259, 'Dell Desktop Monitor', '312', '1', '1', '9', '5', '', 'CN-02N00N-64180-16H-3WSS', 'NCA/KZO/CCAD/DCM/001/11', '', '', '', '', '', '', '0000-00-00'),
(260, 'Dell Desktop Keyboard', '312', '4', '1', '9', '5', '', 'CN-01HF2Y-71616-16I-075R-A00', 'NCA/KZO/CCAD/KEY-B/001/11', '', '', '', '', '', '', '0000-00-00'),
(261, 'Computer Mouse', '312', '3', '1', '9', '5', '', 'DPPID-CN-011D3V-71581-15N-0CAN', 'NCA/KZO/CCAD/CM/001/11', '', '', '', '', '', '', '0000-00-00'),
(262, 'Lenovo Keyboard', '1', '4', '1', '3', '8', '', '5045806', 'NCA/SUN/KEY/003/14', '', '', '', '', '', '', '0000-00-00'),
(263, 'Dell System Unit', '312', '5', '1', '2', '5', '', 'H9L9VQ1', 'NCA/KZO/CCAD/CPU/001/11', '', '', '', '', '', '', '0000-00-00'),
(264, 'Bell Phone Telephone  Handset', '312', '9', '1', '2', '5', '', 'XAN204015977-A', 'NCA/KZO/CCAD/DTOT/002/11', '', '', '', '', '', '', '0000-00-00'),
(265, 'Lenovo', '1', '5', '1', '5', '3', '', 'PB0077JF', 'NCA/SUN/CPU/003/14', '', '', '', '', '', '', '0000-00-00'),
(266, 'Mercury UPS', '312', '16', '1', '2', '5', '', '101106E1000N00771', 'NCA/KZO/CCAD/UPS/001/11', '', '', '', '', '', '', '0000-00-00'),
(267, 'Panasonic', '1', '9', '1', '5', '3', '', '', 'NCA/SUN/TEL/016/14', '', '', '', '', '', '', '0000-00-00'),
(268, 'Dell Desktop Monitor', '313', '1', '1', '2', '5', '', 'CN-02N00N-64180-16H-3W9S', 'NCA/KZO/CCAD/DCM/001/11', '', '', '', '', '', '', '0000-00-00'),
(269, 'HP Laptop', '1', '2', '1', '5', '3', '', 'CND5341WRJ', '', '', '', '', '', '', '', '0000-00-00'),
(270, 'Dell Desktop Keyboard', '313', '4', '1', '2', '5', '', 'CN-01HF2Y-71616-16I-02ML-A00', 'NCA/KZO/CCAD/KEY-B/001/11', '', '', '', '', '', '', '0000-00-00'),
(271, 'HP', '1', '6', '1', '5', '3', '', '', 'NCA/SUN/PRT/002/14', '', '', '', '', '', '', '0000-00-00'),
(272, 'Dell Computer Mouse', '313', '3', '1', '2', '5', '', 'CN-011D3V-71581-15Q-0018', 'NCA/KZO/ADMIN.T/CM/001/11', '', '', '', '', '', '', '0000-00-00'),
(273, 'Lenovo', '1', '5', '1', '5', '3', '', '', 'NCA/SUN/CPU/002/14', '', '', '', '', '', '', '0000-00-00'),
(274, 'Lenovo', '1', '4', '1', '5', '3', '', 'SK-8821', 'NCA/SUN/KEY/002/14', '', '', '', '', '', '', '0000-00-00'),
(275, 'Dell System unit', '313', '5', '1', '2', '5', '', '6PL9VQ1', 'NCA/KZO/CCAD/CPU/001/11', '', '', '', '', '', '', '0000-00-00'),
(276, 'Chino-E Y043 Desk Telephone', '313', '9', '1', '2', '5', '', '0000021063', 'NCA/KZO/BR/DTOT/001/11', '', '', '', '', '', '', '0000-00-00'),
(277, 'Eaton', '1', '16', '1', '5', '3', '', '', 'NCA/SUN/UPS/002/14', '', '', '', '', '', '', '0000-00-00'),
(278, 'HP', '1', '6', '1', '5', '3', '', 'CE956A', 'NCA/SUN/PRT/001/14', '', '', '', '', '', '', '0000-00-00'),
(279, 'HP Desktop Monitor', '314', '1', '1', '3', '5', '', '3CQ5190P49', 'NCA/KSI/MON/001/16', '', '', '', '', '', '', '0000-00-00'),
(280, 'Dell', '1', '5', '1', '5', '3', '', '', 'NCA/ADM/FR/CPU/0082010.', '', '', '', '', '', '', '0000-00-00'),
(281, 'HP Desktop Keyboard', '314', '2', '1', '3', '5', '', 'BCYUH0ACP7SP96', 'BCYUH0ACP7SP96', 'NCA/KSI/KEY/003/16', '', '', '', '', '', '0000-00-00'),
(282, 'Acer', '1', '18', '1', '5', '3', '', '', '', '', '', '', '', '', '', '0000-00-00'),
(283, 'HP Computer Mouse', '314', '3', '1', '3', '5', '', 'FCYRV0AHD8C3MI', 'NCA/KSI/MSE/002/16', '', '', '', '', '', '', '0000-00-00'),
(284, 'HP System Unit', '314', '5', '1', '3', '5', '', 'SGH510PCZ7', 'SGH510PCZ7', 'NCA/KSI/CPU/003/16', '', '', '', '', '', '0000-00-00'),
(285, 'Bell phone Telephone  Handset', '314', '9', '1', '3', '5', '', 'XAN204033210-A', 'XAN204033210-A', 'NCA/KZO/ACCT/DTOT/001/11', '', '', '', '', '', '0000-00-00'),
(286, 'Lenovo', '1', '5', '1', '5', '3', '', 'PB0075EW', 'NCA/SUN/CPU/001/14', '', '', '', '', '', '', '0000-00-00'),
(287, 'Lenovo', '1', '1', '1', '8', '', '', 'VIG9867', 'NCA/SUN/MON/001/14', '', '', '', '', '', '', '0000-00-00'),
(288, 'Lenovo', '1', '4', '1', '5', '3', '', '5045266', 'NCA/SUN/KEY/001/14', '', '', '', '', '', '', '0000-00-00'),
(289, 'Dell Desktop Monitor', '315', '1', '1', '16', '5', '', '3CQ5190P5T', 'NCA/KSI/MON/003/16', '', '', '', '', '', '', '0000-00-00'),
(290, 'Chino-e', '1', '9', '1', '5', '3', '', '', 'NCA/SUN/TEL/011/14', '', '', '', '', '', '', '0000-00-00'),
(291, 'Dell Desktop Keyboard', '315', '4', '1', '16', '5', '', '', 'BCYUH0ACP7W22E', 'NCA/KSI/KEY/002/16', '', '', '', '', '', '0000-00-00'),
(292, 'HP Computer Mouse', '315', '3', '1', '16', '5', '', 'FCYRV0AHD8C7MY', 'NCA/KSI/MSE/001/16', '', '', '', '', '', '', '0000-00-00'),
(293, 'Network Access', '1', '11', '1', '5', '3', '', '', 'NCA REC.', '', '', '', '', '', '', '0000-00-00'),
(294, 'HP System Unit', '315', '5', '1', '16', '5', '', '', 'SGH510PCZ7', 'NCA/KSI/CPU/001/16', '', '', '', '', '', '0000-00-00'),
(295, 'D-LINK', '1', '12', '1', '5', '3', '', 'QBR61D1000148', '', '', '', '', '', '', '', '0000-00-00'),
(296, 'Bell Phone Telephone  Handset', '315', '9', '1', '16', '5', '', 'SGH510PCZ7', 'NCA/KSI/CPU/001/16', '', '', '', '', '', '', '0000-00-00'),
(297, 'Dell Desktop Monitor', '316', '1', '1', '17', '5', '', 'CN-02N00N-64180-16H-2R4S', 'NCA/KZO/GOU/DCM/001/11', '', '', '', '', '', '', '0000-00-00'),
(298, 'Dell Desktop Monitor', '316', '1', '1', '17', '5', '', 'CN-02N00N-64180-16H-2R4S', 'NCA/KZO/GOU/DCM/001/11', '', '', '', '', '', '', '0000-00-00'),
(299, 'Dell Desktop Keyboard', '316', '4', '1', '17', '5', '', 'CN-01HF2Y-71616-16I-07YQ -A00', 'NCA/KZO/GOU/KEY-B/001/11', '', '', '', '', '', '', '0000-00-00'),
(300, 'Dell Computer Mouse', '316', '3', '1', '17', '5', '', 'CN-011D3V-715-15Q-009D', 'NCA/KZO/CCAD/CM/001/11', '', '', '', '', '', '', '0000-00-00'),
(301, 'Dell System Unit', '316', '5', '1', '17', '5', '', '', 'C4K9VQ1', 'NCA/KZO/ADMIN.T/CPU/001/11', '', '', '', '', '', '0000-00-00'),
(302, 'Bell Phone Telephone  Handset', '316', '9', '1', '17', '5', '', 'XAN204015975-A', 'XAN204015975-A', 'NCA/KZO/ADMIN.T/DTOT/002/11', '', '', '', '', '', '0000-00-00'),
(303, 'LENOVO', '1', '4', '1', '5', '3', '', '5045265', 'NCA/SUN/KEY/005/14', '', '', '', '', '', '', '0000-00-00'),
(304, 'EATON', '1', '16', '1', '5', '3', '', '', 'NCA/SUN/UPS/006/14', '', '', '', '', '', '', '0000-00-00'),
(305, 'LENOVO', '1', '5', '1', '17', '3', '', '', 'NCA/SUN/CPU/005/14', '', '', '', '', '', '', '0000-00-00'),
(306, 'PANASONIC', '1', '9', '1', '17', '3', '', '2DBLJ082009', 'NCA/SUN/TEL/008/14', '', '', '', '', '', '', '0000-00-00'),
(307, 'CANNON', '1', '8', '1', '17', '3', '', '', 'NCA/SUN/PHC/001/14', '', '', '', '', '', '', '0000-00-00'),
(308, '', '1', '1', '1', '5', '3', '', '', 'NCA/KD/MON/001/14', 'V1G9914', '', '', '', '', '', '0000-00-00'),
(309, '', '1', '1', '1', '5', '', '', '', 'NCA/KD/CPU/001/14', 'PB0077JE', '', '', '', '', '', '0000-00-00'),
(310, '', '1', '4', '1', '5', '4', '', '', 'NCA/KD/KEY/001/14\r\rNCA/KD/KEY/001/14', '5045732', '', '', '', '', '', '0000-00-00'),
(311, '', '1', '3', '1', '5', '4', '', '', 'NCA/KD/MSE/001/14', 'H5340HD07V2', '', '', '', '', '', '0000-00-00'),
(312, '', '1', '16', '1', '5', '3', '', '63GB00250', '', '', '', '', '', '', '', '0000-00-00'),
(313, '', '1', '3', '1', '3', '3', '', '', 'NCA/KD/MSE/004/14', '', '', '', '', '', '', '0000-00-00'),
(314, '', '1', '16', '1', '3', '3', '', '63GB00322', '', '', '', '', '', '', '', '0000-00-00'),
(315, 'Dell Desktop Monitor', '323', '1', '1', '17', '5', '', 'CN-02N00N-64180-16H-1X6S', 'NCA/KZO/ZMO/DCM/001/11', '', '', '', '', '', '', '0000-00-00'),
(316, 'Desktop Keyboard', '323', '4', '1', '17', '5', '', 'CN-01HF2Y-71616-16I-09HV-A00', 'NCA/KZO/ZMO/KEY-B/001/11', '', '', '', '', '', '', '0000-00-00'),
(317, 'Computer Mouse', '323', '3', '1', '17', '5', '', 'DPPID-CN-011D3V-71581-15Q-00B4', 'NCA/KZO/ADM/CM/001/11', '', '', '', '', '', '', '0000-00-00'),
(318, 'Dell Optiplex 745 System unit', '323', '5', '1', '17', '5', '', 'H2J33D1', '', '', '', '', '', '', '', '0000-00-00'),
(319, 'Chino-E Y043 Desk Telephone', '323', '9', '1', '17', '5', '', '0000021098', 'NCA/KZO/IT./DTOT/002/11', '', '', '', '', '', '', '0000-00-00'),
(320, 'UPS', '323', '16', '1', '17', '5', '', '354528X09133', 'NCA/HQ/KSI/UPS/001/16', '', '', '', '', '', '', '0000-00-00'),
(321, 'Digital Business Telephone DKT3214-SDL', '323', '10', '1', '17', '5', '', 'LE940162', 'NCA/KZO/RECEP/PABX/001/13', '', '', '', '', '', '', '0000-00-00'),
(322, 'Digital Business Telephone DDSS3260', '323', '10', '1', '17', '5', '', 'LB810019', 'NCA/KZO/RECEP/PABX/002/13', '', '', '', '', '', '', '0000-00-00'),
(323, 'Dell Desktop Monitor', '324', '1', '1', '12', '5', '', 'CN-02N00N-64180-16H-1WMS', 'NCA/KZO/ADMIN.T/DCM/001/11', '', '', '', '', '', '', '0000-00-00'),
(324, 'Dell Desktop Keyboard', '324', '4', '1', '12', '5', '', 'CN-01HF2Y-71616-16I-0AMH', 'NCA/KZO/ACCT/KEY-B/001/11', '', '', '', '', '', '', '0000-00-00'),
(325, 'Computer Mouse', '324', '3', '1', '12', '5', '', 'DPPID-CN-011D3V-71581-15Q-00BK', 'NCA/KZO/ACCT/CM/001/11', '', '', '', '', '', '', '0000-00-00'),
(326, 'Dell Optiplex 760 System unit', '324', '5', '1', '12', '5', '', 'CBYCMJ1', 'NCA/KZO/MSN/CPU/001/11', '', '', '', '', '', '', '0000-00-00'),
(327, 'Telephone  Handset', '324', '9', '1', '12', '5', '', 'XAN204032570-A', 'NCA/KZO/REG.ADMIN/DTOT/001/11', '', '', '', '', '', '', '0000-00-00'),
(328, 'Dell Desktop Monitor', '325', '1', '1', '8', '5', '', 'CN-02N00N-64180-16H-3XVS', 'NCA/KZO/ENG/DCM/001/11', '', '2017-07-20', '2017-07-19', '', '', '', '0000-00-00'),
(329, 'Dell Desktop Keyboard', '325', '4', '1', '8', '5', '', 'CN-01HF2Y-71616-16I-0ABS-A00', 'NCA/KZO/ENG/KEY-B/001/11', '', '', '', '', '', '', '0000-00-00'),
(330, 'Dell Computer Mouse', '325', '3', '1', '8', '5', '', 'CN-011D3V-71581-15N-0P25', 'NCA/KZO/ENG/CM/001/11', '', '', '', '', '', '', '0000-00-00'),
(331, 'Dell System Unit', '325', '5', '1', '8', '5', '', 'F3L9VQ1', 'NCA/KZO/ENG/CPU/001/11', '', '', '', '', '', '', '0000-00-00'),
(332, 'Telephone  Handset', '325', '9', '1', '8', '5', '', 'XAN204032614-A', 'NCA/KZO/ENG/DTOT/001/11', '', '', '', '', '', '', '0000-00-00'),
(333, 'HP  Desktop Monitor', '326', '1', '1', '17', '5', '', '3CQ6041MKF', '', '', '', '', '', '', '', '0000-00-00'),
(334, 'HP  Desktop Keyboard', '326', '4', '1', '17', '5', '', 'BCY5U0AQK175SN', '', '', '', '', '', '', '', '0000-00-00'),
(335, 'Computer Mouse', '326', '3', '1', '17', '5', '', 'FCMHH0A8K8X94W', '', '', '', '', '', '', '', '0000-00-00'),
(336, 'System Unit', '326', '5', '1', '17', '5', '', 'TRF5520C39', '', '', '', '', '', '', '', '0000-00-00'),
(337, 'Telephone  Handset', '326', '9', '1', '17', '5', '', 'XAN204032568-A', 'NCA/KZO/ADMIN/DTOT/001/11', '', '', '', '', '', '', '0000-00-00'),
(338, 'Seth Mensah', '', '', '', '', '', '', '', '', '', '', '', '', '', '', '0000-00-00'),
(339, 'Dell Desktop Monitor', '327', '1', '1', '17', '5', '', 'CN-02N00N-64180-16H-274S', 'NCA/KZO/ADMIN/DCM/001/11', '', '', '', '', '', '', '0000-00-00'),
(340, 'Desktop Keyboard', '327', '4', '1', '17', '5', '', 'CN-01HF2Y-71616-16I-0AC2 -A00', 'NCA/KZO/ADMIN/KEY-B/001/11', '', '', '', '', '', '', '0000-00-00'),
(341, 'Computer Mouse', '327', '3', '1', '17', '5', '', 'CN-011D3V-71581-15Q-00J7', 'NCA/KZO/ZMO/CM/001/11', '', '', '', '', '', '', '0000-00-00'),
(342, 'Dell System Unit', '327', '5', '1', '17', '5', '', '7LJ9VQ1', 'NCA/KZO/REG.ADMIN/CPU/001/11', '', '', '', '', '', '', '0000-00-00'),
(343, 'Telephone  Handset', '327', '9', '1', '17', '5', '', '', 'XAN204015982-A', 'NCA/KZO/T/DTOT/001/11', '', '', '', '', '', '0000-00-00'),
(344, 'Dell Desktop Monitor', '305', '1', '1', '1', '5', '', '', '', '', '', '', '', '', '', '0000-00-00'),
(345, 'Dell Desktop Monitor', '305', '1', '1', '1', '5', '', '', '', '', '', '', '', '', '', '0000-00-00'),
(346, 'Desktop Keyboard', '305', '4', '1', '1', '5', '', 'CN-01HF2Y-71616-16I-09JE-A00', 'NCA/KZO/ADMIN.T/KEY-B/001/11', '', '', '', '', '', '', '0000-00-00'),
(347, 'Computer Mouse', '305', '3', '1', '1', '5', '', '', '', '', '', '', '', '', '', '0000-00-00'),
(348, 'Dell System Unit', '305', '5', '1', '1', '5', '', '65M9VQI', 'NCA/KZO/ACCT/CPU/001/11', '', '', '', '', '', '', '0000-00-00'),
(349, 'Chino-E Y043 Desk Telephone', '305', '9', '1', '1', '5', '', '0000020452', 'NCA/KZO/IT./DTOT/002/11', '', '', '', '', '', '', '0000-00-00'),
(350, 'Toshiba Strata CHSUB672A PABX System', '305', '5', '1', '1', '5', '', '49L7E88891', '', '', '', '', '', '', '', '0000-00-00'),
(351, 'Voltage Stabiliser', '305', '16', '1', '1', '5', '', '', 'NCA/KZO/RECEP/AVR/001/11', '', '', '', '', '', '', '0000-00-00'),
(352, 'APC 1500 UPS', '305', '16', '1', '1', '5', '', '351623X03272', '', '', '', '', '', '', '', '0000-00-00'),
(353, 'Cisco 800 Series', '305', '11', '1', '1', '5', '', '', 'FCZ2045133L', '', '', '', '', '', '', '0000-00-00'),
(354, 'Sigos CLU5 Rev. 2.0 Sim Card Verification', '305', '11', '1', '1', '5', '', '', '', '', '', '', '', '', '', '0000-00-00'),
(355, 'HP System Unit', '305', '5', '1', '1', '5', '', '', 'SGH510PD2L', 'NCA/KSI/CPU/002/16', '', '', '', '', '', '0000-00-00'),
(356, 'Vodafone Router', '305', '13', '1', '1', '5', '', '', 'T9E75B9340707880', '', '', '', '', '', '', '0000-00-00'),
(357, '16 Port Switch', '305', '12', '1', '1', '5', '', '126A0800883', '', '', '', '', '', '', '', '0000-00-00'),
(358, 'HP W2072a Desktop Monitor', '305', '1', '1', '1', '5', '', 'CNC219P44Q', '', '', '', '', '', '', '', '0000-00-00'),
(359, 'Computer Mouse', '305', '3', '1', '1', '5', '', '3798179010931204106100-A', '', '', '', '', '', '', '', '0000-00-00'),
(360, 'Desk Telephone', '305', '9', '1', '1', '5', '', 'XAN204032569-A', 'NCA/KZO/CCAD/DTOT/001/13', '', '', '', '', '', '', '0000-00-00'),
(361, 'LENOVOTHINK CENTER SYSTEM UNIT', '1', '5', '1', '5', '6', '', 'CNFF906675', 'NCA/BOL/CPU/007/14', '', '', '', '', '', '', '0000-00-00'),
(362, 'LENOVOTHINK VISSION MONITOR', '1', '1', '1', '5', '6', '', 'CNFF906676', 'NCA/BOL/MON/006/14', '', '', '', '', '', '', '0000-00-00'),
(363, 'LENOVO KEY PAD', '1', '4', '1', '5', '6', '', 'CNFF906677', 'NCA/BOL/KEY/006/14', '', '', '', '', '', '', '0000-00-00'),
(364, 'LENOVO MOUSE', '1', '3', '1', '5', '6', '', 'CNFF906678', 'NCA/BOL/MSE/006/14', '', '', '', '', '', '', '0000-00-00'),
(365, 'LENOVOTHINK LAP TOP', '1', '2', '1', '5', '6', '', 'CNFF906679', 'NCA/BOL/LTC/001/14', '', '', '', '', '', '', '0000-00-00'),
(366, 'TOSHIBA -DKT SD PHONE', '1', '9', '1', '5', '6', '', 'CNFF906680', '', '', '', '', '', '', '', '0000-00-00'),
(368, 'Macbook Pro', '32', '2', '1', '8', '1', '', 'CO2t42UYHF1P', '', '', '', '2017-03-31', '', '', '', '0000-00-00'),
(369, 'HP Pavalion', '229', '2', '1', '4', '1', '', '15-au151nrTouch', '', '', '', '2017-03-07', '', '', '', '0000-00-00'),
(370, '', '128', '', '', '', '', '', '', '', '', '', '', '', '', '', '0000-00-00'),
(371, 'HP Pavalion', '329', '4', '1', '4', '1', '', '15zTouch', '', '', '', '2017-03-07', '', '', '', '0000-00-00'),
(372, 'HP Pavalion', '56', '2', '1', '4', '1', '', '15zTouch', '', '', '', '2017-03-07', '', '', '', '0000-00-00'),
(373, 'MONITOR', '84', '1', '1', '9', '2', '', 'VIG9926', 'NCA/HO/MON/004/14', '', '', '', '', '', '', '0000-00-00'),
(374, 'KEYBOARD', '84', '4', '1', '9', '2', '', '5045812', 'NCA/HO/KEY/004/14', '', '', '', '', '', '', '0000-00-00'),
(375, 'CPU', '84', '5', '1', '9', '2', '', 'PB0075EY', 'NCA/HO/CPU/004/14', '', '', '', '', '', '', '0000-00-00'),
(376, 'MOUSE', '84', '3', '1', '9', '2', '', '', 'NCA/HO/MSE/004/14', '', '', '', '', '', '', '0000-00-00'),
(377, 'TELEPHONE', '84', '9', '1', '9', '2', '', '2GBLJ545916', 'NCA/HO/TEL/009/14', '', '', '', '', '', '', '0000-00-00'),
(378, 'SAMSUNG MOBILE PHONE', '84', '10', '1', '9', '2', '', '', '', '', '', '', '', '', '', '0000-00-00'),
(379, 'MONITOR', '49', '1', '1', '8', '2', '', 'V1G9912', 'NCA/HO/MON/001/14', '', '', '', '', '', '', '0000-00-00'),
(380, 'KEYBOARD', '49', '4', '1', '8', '2', '', '5045798', 'NCA/HO/KEY/001/14', '', '', '', '', '', '', '0000-00-00'),
(381, 'CPU', '49', '5', '1', '8', '2', '', 'PB0075ET', 'NCA/HO/CPU/001/14', '', '', '', '', '', '', '0000-00-00'),
(382, 'MOUSE', '49', '3', '1', '8', '2', '', 'HS340HD07R4', 'NCA/HO/MSE/001/14', '', '', '', '', '', '', '0000-00-00'),
(383, 'TELEPHONE', '49', '9', '1', '8', '2', '', '2DALJ079204', 'NCA/HO/TEL/001/14', '', '', '', '', '', '', '0000-00-00'),
(384, 'GARMIN HANDHELD-GPS(ETREX 2OX)', '49', '10', '1', '8', '2', '', 'S/N 470001417', 'NCA/ENG/GPS/03/2015', '', '', '', '', '', '', '0000-00-00'),
(385, 'MONITOR', '27', '1', '1', '3', '2', '', 'V1G9971', 'NCA/HO/MON/003/14', '', '', '', '', '', '', '0000-00-00'),
(386, 'KEYBOARD', '27', '4', '1', '3', '2', '', '5045811', 'NCA/HO/KEY/003/14', '', '', '', '', '', '', '0000-00-00'),
(387, 'TELEPHONE', '27', '9', '1', '3', '2', '', '', '2FBLJ168785', 'NCA/HO/TEL/003/14', '', '', '', '', '', '0000-00-00'),
(388, 'MOUSE', '27', '3', '1', '3', '2', '', 'HS340HD074UV', 'NCA/HO/MSE/003/14', '', '', '', '', '', '', '0000-00-00'),
(389, 'SHREDDER', '27', '19', '1', '3', '2', '', 'FT1219363000179', '', '', '', '', '', '', '', '0000-00-00'),
(390, 'SCANNER', '27', '7', '1', '3', '2', '', 'CN353WH0H4', 'NCA/HO/SCA/001/14', '', '', '', '', '', '', '0000-00-00'),
(391, 'MONITOR', '226', '1', '1', '17', '2', '', 'V19920', 'NCA/HO/MON/002/14', '', '', '', '', '', '', '0000-00-00'),
(392, 'CPU', '226', '5', '1', '17', '2', '', 'PB0077JZ', 'NCA/HO/CPU/002/14', '', '', '', '', '', '', '0000-00-00'),
(393, 'MOUSE', '226', '3', '1', '17', '2', '', '', 'HS34HD06TH', 'NCA/HO/MSE/008/14', '', '', '', '', '', '0000-00-00'),
(394, 'KEYBOARD', '226', '4', '1', '17', '2', '', '5045813', 'NCA/HO/KEY/007/14', '', '', '', '', '', '', '0000-00-00'),
(395, 'TELEPHONE', '226', '9', '1', '17', '2', '', '2FBLJI64106', 'NCA/HO/TEL/002/14', '', '', '', '', '', '', '0000-00-00'),
(396, '', '', '', '', '', '', '', '', '', '', '', '', '', '', '', '0000-00-00'),
(397, 'TELEPHONE', '330', '9', '1', '17', '2', '', '2FBLJ164101', 'NCA/HO//TEL/004/14', '', '', '', '', '', '', '0000-00-00'),
(398, 'KEY BOARD', '330', '4', '1', '17', '2', '', '5045270', 'NCA/HO/KEY/008/14', '', '', '', '', '', '', '0000-00-00'),
(399, 'MOUSE', '330', '3', '1', '17', '2', '', 'HS340HD07V7', 'NCA/HO/MSE/008/14', '', '', '', '', '', '', '0000-00-00'),
(400, 'SYSTEM UNIT', '330', '5', '1', '17', '2', '', 'PB0075EU', 'NCA/HO/CPU/008/15', '', '', '', '', '', '', '0000-00-00'),
(401, '', '', '', '', '', '', '', '', '', '', '', '', '', '', '', '0000-00-00'),
(402, 'MONITOR', '331', '1', '1', '6', '2', '', 'V1G9917', 'NCA/HO/MON/005/14', '', '', '', '', '', '', '0000-00-00'),
(403, 'KEYBOARD', '331', '4', '1', '6', '2', '', '5045271', 'NCA/HO/KEY/005/14', '', '', '', '', '', '', '0000-00-00'),
(404, 'HP LASER JET 400 COLOUR PRINTER', '331', '6', '1', '6', '2', '', 'CNCF900191', 'NCA/HO/PRT/002/14', '', '', '', '', '', '', '0000-00-00'),
(405, 'CPU', '331', '5', '1', '6', '2', '', 'PB0075F3', 'NCA/HO/CPU/005/14', '', '', '', '', '', '', '0000-00-00'),
(406, 'MOUSE', '331', '3', '1', '6', '2', '', '', 'HS340HD07VH', 'NCA/HO/MSE/005/14', '', '', '', '', '', '0000-00-00'),
(407, '', '', '', '', '', '', '', '', '', '', '', '', '', '', '', '0000-00-00'),
(408, 'ROUTER', '332', '13', '1', '6', '2', '', '9E7SB9340706691', '', '', '', '', '', '', '', '0000-00-00'),
(409, 'CPU', '332', '5', '1', '6', '2', '', '', 'NCA/ACCT/CPU/006/14', '', '', '', '', '', '', '0000-00-00'),
(410, 'MONITOR', '332', '1', '1', '6', '2', '', '', 'NCA/HO/MON/006/14', '', '', '', '', '', '', '0000-00-00'),
(411, 'KEYBOARD', '332', '4', '1', '6', '2', '', 'E1451Y', 'NCA/HO/KEY/006/14', '', '', '', '', '', '', '0000-00-00'),
(412, 'MOUSE', '332', '3', '1', '6', '2', '', 'G0K00EKH', 'NCA/HO/MSE/006/14', '', '', '', '', '', '', '0000-00-00'),
(413, 'UNINTERRUPTED POWER SUPPLY', '332', '16', '1', '6', '2', '', '63GA01717', 'NCA/HO/UPS/004/14-IN USE', '', '', '', '', '', '', '0000-00-00'),
(414, 'UNINTERRUPTED POWER SUPPLY', '332', '16', '1', '6', '2', '', '63GB00261', 'NCA/HO/UPS/005/14-NOT IN USE', '', '', '', '', '', '', '0000-00-00'),
(415, 'UNINTERRUPTED POWER SUPPLY', '332', '16', '1', '6', '2', '', '63GB00253', 'NCA/HO/UPS/006/14-HEAD OFFICE', '', '', '', '', '', '', '0000-00-00'),
(416, 'UNINTERRUPTED POWER SUPPLY', '332', '16', '1', '6', '2', '', '63GB00329', 'NCA/HO/UPS/007/14-HEAD OFFICE', '', '', '', '', '', '', '0000-00-00'),
(417, 'UNINTERRUPTED POWER SUPPLY', '332', '16', '2', '6', '2', '', '63GA01718', 'NCA/HO/UPS/001/14-NOT IN USE', '', '', '', '', '', '', '0000-00-00'),
(418, 'UNINTERRUPTED POWER SUPPLY', '332', '16', '2', '6', '2', '', '', 'NCA/FR/UPS/001/14-NOT IN USE', '', '', '', '', '', '', '0000-00-00'),
(419, 'UNINTERRUPTED POWER SUPPLY', '332', '16', '2', '6', '2', '', '63GB00323', 'NCA/HO/UPS/003/14-NOT IN USE', '', '', '', '', '', '', '0000-00-00'),
(420, 'UNINTERRUPTED POWER SUPPLY', '332', '16', '1', '6', '2', '', '63GB00260', 'NCA/HO/UPS/002/14-HEAD OFFICE', '', '', '', '', '', '', '0000-00-00'),
(421, 'UNINTERRUPTED POWER SUPPLY', '332', '16', '2', '6', '2', '', '', '63GB00327', 'NCA/HO/UPS/008/14-NOT IN USE', '', '', '', '', '', '0000-00-00'),
(422, 'TELEPHONE', '', '9', '1', '6', '2', '', 'Kx-MS500TS', 'NCA/HO/TEL/011/14', '', '', '', '', '', '', '0000-00-00'),
(423, 'CISCO SWITCH', '332', '12', '1', '6', '2', '', '', 'NCA/HO/SWC/001/14', '', '', '', '', '', '', '0000-00-00'),
(424, 'PROJECTOR', '332', '18', '1', '6', '2', '', 'MRJGK1100132400115900', '', '', '', '', '', '', '', '0000-00-00'),
(425, 'LAPTOP', '332', '2', '1', '6', '2', '', '', '20BE001WUER9003NH1', 'NCA/HO/LTP/001/14', '', '', '', '', '', '0000-00-00'),
(426, 'MONITOR', '39', '1', '1', '8', '1', '', 'RNV06858', 'CN-OCNO86-6418077409PS', '', '', '', '', '', '', '0000-00-00'),
(427, 'System Unit', '39', '5', '1', '8', '1', '', '800-45474237171', '', '', '', '', '', '', '', '0000-00-00'),
(428, 'MOUSE', '39', '3', '1', '8', '1', '', 'GOKOOEKM', '', '', '', '', '', '', '', '0000-00-00'),
(429, 'KEYBOARD', '39', '4', '1', '8', '1', '', 'CNOUY780658917F02G6', '', '', '', '', '', '', '', '0000-00-00'),
(430, 'UPS', '39', '16', '1', '8', '1', '', '40336690511', '', '', '', '', '', '', '', '0000-00-00'),
(431, 'TELEPHONE', '39', '9', '1', '8', '1', '', '51AKA216613', '', '', '', '', '', '', '', '0000-00-00'),
(432, 'HP ENVY', '3', '2', '1', '7', '1', '', '6C14291VCO', '', '', '', '', '', '', '', '0000-00-00'),
(433, 'TOSHIBA SATELITE A205', '213', '2', '1', '17', '1', '', '47051988Q', '', '', '', '', '', '', '', '0000-00-00'),
(434, 'HP ENVY', '13', '2', '1', '4', '1', '', '6C14573MO', '', '', '', '', '', '', '', '0000-00-00'),
(435, 'MAC BOOK AIR', '344', '2', '1', '1', '1', '', 'VNC4900463', 'CPWNT4ZEGO85', '', '', '', '', '', '', '0000-00-00'),
(436, 'MAC BOOK PRO', '14', '2', '1', '1', '1', '', 'C1MNG5WNDTY3', '', '', '', '', '', '', '', '0000-00-00'),
(437, 'Dell  Monitor', '11', '1', '1', '10', '1', '', 'RNV06863', '', '', '', '', '', '', '', '0000-00-00'),
(438, 'Dell Monitor', '194', '1', '1', '1', '1', '', '', '', '', '', '', '', '', '', '0000-00-00'),
(439, 'Dell Monitor', '89', '1', '1', '1', '1', '', '', '', '', '', '', '', '', '', '0000-00-00'),
(440, 'Dell Monitor', '10', '1', '1', '13', '1', '', '', '', '', '', '', '', '', '', '0000-00-00'),
(441, 'Dell Monitor', '4', '1', '1', '16', '1', '', '', '', '', '', '', '', '', '', '0000-00-00');
INSERT INTO `assets` (`assetID`, `AssetDescription`, `Employee`, `AssetCategory`, `Status`, `Division`, `Office`, `Vendor`, `SerialNumber`, `AssetNumber`, `ModelNumber`, `DatePurchased`, `DateIssued`, `DateSold`, `PurchasePrice`, `CurrentPrice`, `ExpiryDate`) VALUES
(442, 'MAC BOOK PRO', '88', '2', '1', '16', '1', '', 'C1MNMK6NDTY3', '', '', '', '', '', '', '', '0000-00-00'),
(443, 'MAC BOOK PRO', '345', '2', '1', '5', '1', '', 'CPWN599DTY3', '', '', '', '', '', '', '', '0000-00-00'),
(444, 'Dell Monitor', '101', '1', '1', '12', '1', '', '', '', '', '', '', '', '', '', '0000-00-00'),
(445, 'Dell Monitor', '5', '1', '1', '13', '1', '', '', '', '', '', '', '', '', '', '0000-00-00'),
(446, 'LAPTOP', '69', '2', '1', '12', '1', '', '9C041178K', '', '', '', '', '', '', '', '0000-00-00'),
(447, 'TOSHIBA Laptop', '68', '2', '1', '13', '1', '', '', '9C031613K', '', '', '', '', '', '', '0000-00-00'),
(448, 'TOSHIBA  Laptop', '67', '2', '1', '12', '1', '', '9C026816K', '', '', '', '', '', '', '', '0000-00-00'),
(449, 'TOSHIBA Laptop', '275', '2', '1', '12', '1', '', '783027820', '', '', '', '', '', '', '', '0000-00-00'),
(450, 'TOSHIBA Laptop', '61', '2', '1', '12', '1', '', 'SL130U067033', '', '', '', '', '', '', '', '0000-00-00'),
(451, 'TOSHIBA  Laptop', '62', '2', '1', '12', '1', '', 'XCO30599K', '', '', '', '', '', '', '', '0000-00-00'),
(452, 'TOSHIBA  LAPTOP', '11', '2', '1', '10', '1', '', '9C026893K', '', '', '', '', '', '', '', '0000-00-00'),
(453, 'TOSHIBA laptop', '70', '2', '1', '12', '1', '', '9C032733K', '', '', '', '', '', '', '', '0000-00-00'),
(454, 'TOSHIBA Laptop', '9', '2', '1', '2', '1', '', '9C025774K-9', '', '', '', '', '', '', '', '0000-00-00'),
(455, 'TOSHIBA  Laptop', '71', '2', '1', '13', '1', '', 'XC030880K', '', '', '', '', '', '', '', '0000-00-00'),
(456, 'TOSHIBA Laptop', '59', '2', '1', '13', '1', '', '', '9C031620K9', '', '', '', '', '', '', '0000-00-00'),
(457, 'TOSHIBA  Laptop', '35', '2', '1', '8', '1', '', 'PSKEC09W00Q', '', '', '', '2011-03-31', '', '', '', '0000-00-00'),
(458, 'LENOVO THINK PAD laptop', '32', '2', '1', '8', '1', '', 'R98NCBO1OH', '', '', '', '2011-01-04', '', '', '', '0000-00-00'),
(459, 'TOSHIBA Laptop', '31', '2', '1', '8', '1', '', '6A618572Q', '', '', '', '1930-03-11', '', '', '', '0000-00-00'),
(460, 'TOSHIBA Laptop', '60', '2', '1', '13', '1', '', 'Z9353539Q', '', '', '', '1930-03-11', '', '', '', '0000-00-00'),
(461, 'TOSHIBA', '91', '2', '1', '10', '1', '', '3B249858Q', '', '', '', '2011-08-07', '', '', '', '0000-00-00'),
(462, 'TOSHIBA Laptop', '79', '2', '1', '17', '1', '', '3B220239Q', '', '', '', '2011-06-07', '', '', '', '0000-00-00'),
(464, 'DELL Laptop', '348', '2', '1', '8', '1', '', 'BGQPOQ1', '', '', '', '2015-10-11', '', '', '', '0000-00-00'),
(465, 'TOSHIBA laptop', '34', '2', '1', '8', '1', '', '', '', '', '', '2011-03-30', '', '', '', '0000-00-00'),
(466, 'Dell System Unit', '163', '5', '1', '11', '1', '', '', 'NCA/HQ/AUD/CPU/001/16 - HP', '', '', '', '', '', '', '0000-00-00'),
(467, 'Dell Momitor', '163', '1', '1', '11', '1', '', '', 'NCA/HQ/AUD/MON/001/16 - HP', '', '', '', '', '', '', '0000-00-00'),
(468, 'keyboard', '163', '4', '1', '11', '1', '', '', 'NCA/HQ/AUD/KEY/001/16 - HP', '', '', '', '', '', '', '0000-00-00'),
(469, 'Dell Monitor', '223', '1', '1', '11', '1', '', '', '', '', '', '', '', '', '', '0000-00-00'),
(470, 'System unit', '223', '5', '1', '11', '1', '', '', '', '', '', '', '', '', '', '0000-00-00'),
(471, 'Dell keyboard', '223', '4', '1', '11', '1', '', '', '', '', '', '', '', '', '', '0000-00-00'),
(472, '', '', '', '', '', '', '', '', '', '', '', '', '', '', '', '0000-00-00'),
(473, '', '', '', '', '', '', '', '', '', '', '', '', '', '', '', '0000-00-00'),
(474, 'System Unit', '355', '5', '1', '11', '1', '', '', '', '', '', '', '', '', '', '0000-00-00'),
(475, 'Dell Monitor', '355', '1', '1', '11', '1', '', '', '', '', '', '', '', '', '', '0000-00-00'),
(476, 'keyboard', '355', '4', '1', '11', '1', '', '', '', '', '', '', '', '', '', '0000-00-00'),
(477, 'Dell System unit', '356', '5', '1', '9', '1', '', '', 'NCA/REG/PC/CPU/011/12 - DELL', '', '', '', '', '', '', '0000-00-00'),
(478, 'Dell Monitor', '356', '1', '1', '9', '1', '', '', 'NCA/LEG/SEC/MON/015/14 - DELL', '', '', '', '', '', '', '0000-00-00'),
(479, 'Dell key board', '356', '4', '1', '9', '1', '', '', '', '', '', '', '', '', '', '0000-00-00'),
(481, 'Dell System Unit', '357', '5', '1', '9', '1', '', '', 'NCA/CCAD/PC/CPU/004/12 - DELL', '', '', '', '', '', '', '0000-00-00'),
(482, 'Dell Monitor', '357', '1', '1', '9', '1', '', '', 'NCA/CCAD/PC/MON/001/12 - DELL', '', '', '', '', '', '', '0000-00-00'),
(483, 'Dell keyboard', '357', '4', '1', '9', '1', '', '', '', '', '', '', '', '', '', '0000-00-00'),
(484, 'Dell System Unit', '145', '5', '1', '9', '1', '', '', '', '', '', '', '', '', '', '0000-00-00'),
(485, 'Dell Monitor', '145', '1', '1', '9', '1', '', '', '', '', '', '', '', '', '', '0000-00-00'),
(486, '', '', '', '', '', '', '', '', '', '', '', '', '', '', '', '0000-00-00'),
(487, 'Panasonic phone', '199', '9', '1', '13', '1', '', '6FCKM198236', '', '', '', '2017-06-05', '', '', '', '0000-00-00'),
(488, 'Dell Laptop', '365', '2', '1', '1', '1', '', '4JVS2F2', '', '', '', '2017-05-12', '', '', '', '0000-00-00'),
(489, 'Dell Laptop', '363', '2', '1', '1', '1', '', 'JJVS2F2', '', '', '', '2017-05-12', '', '', '', '0000-00-00'),
(490, 'Dell Laptop', '364', '2', '1', '1', '1', '', 'GJVS2F2', '', '', '', '2017-05-12', '', '', '', '0000-00-00'),
(491, 'Dell', '366', '5', '1', '9', '1', '', '70S8YC2', '', '', '', '2017-05-10', '', '', '', '0000-00-00'),
(492, 'Dell', '366', '1', '1', '9', '1', '', 'CN-OFMHDP-728721-C33U-A00', '', '', '', '2017-05-10', '', '', '', '0000-00-00'),
(493, 'Dell', '366', '4', '1', '2', '1', '', '', 'CN-04G81-716161S1 IDB-A00', '', '', '2017-05-10', '', '', '', '0000-00-00'),
(494, 'HEWLET PACKARD laptop', '138', '2', '1', '9', '1', '', '2CE851QJPH', '', '', '', '2009-01-05', '', '', '', '0000-00-00'),
(495, 'TOSHIBA laptop', '367', '2', '2', '3', '1', '', '38339602X', '', '', '', '2009-01-05', '', '', '', '0000-00-00'),
(496, 'TOSHIBA laptop', '368', '2', '2', '13', '1', '', '', '33322313K', '', '', '2009-01-05', '', '', '', '0000-00-00'),
(497, 'TOSHIBA laptop', '6', '2', '1', '3', '1', '', '38337859K', '', '', '', '2009-01-05', '', '', '', '0000-00-00'),
(498, 'MACBOOK PRO laptop', '94', '2', '1', '1', '1', '', 'C1MQJ4U4DTY3', '', '', '', '', '', '', '', '0000-00-00'),
(499, 'TOSHIBA laptop', '369', '2', '2', '2', '1', '', '8A260585Q', '', '', '', '2010-03-08', '', '', '', '0000-00-00'),
(500, 'DELL laptop', '13', '2', '1', '4', '1', '', '2BQWXJ1', '', '', '', '2010-07-12', '', '', '', '0000-00-00'),
(501, 'Lenovo', '371', '2', '1', '18', '1', '', 'XI Carbon -R9-OMC9HJ 16/12', '', '', '', '2017-06-29', '', '', '', '0000-00-00'),
(504, 'Dell Monitor', '147', '1', '1', '2', '7', '', 'CN-02N00N-64180-16H-2K45', 'NCA/TL/01', '', '1970-01-01', '1970-01-01', NULL, '', '', '0000-00-00'),
(505, 'Vostro 230 CPU', '147', '5', '1', '2', '7', '', 'CN-04WC93-70163-16G-00H2-A00', 'NCA/TL/CPU/008/14', '', '1970-01-01', '1970-01-01', NULL, '', '', '0000-00-00'),
(506, 'Dell Keyboard', '147', '4', '1', '2', '7', '', 'CN-01HF2Y-71616-16I-02EF-AOO', 'NCA/TL/KEY/008/14', '', '1970-01-01', '1970-01-01', NULL, '', '', '0000-00-00'),
(507, 'Dell Mouse', '147', '4', '1', '2', '7', '', 'CN-011D3V-71581-15Q-00A9', 'NCA/TL/KEY/008/14', '', '1970-01-01', '1970-01-01', NULL, '', '', '0000-00-00'),
(508, 'Dell Monitor', '46', '1', '1', '8', '7', '', 'CN-02N00N-64180-16H-0425', 'NCA/TL/MON/007/14', '', '2017-07-12', '2017-07-12', NULL, '', '', '0000-00-00'),
(509, 'Dell Vostro', '46', '5', '1', '8', '7', '', 'CN-04WC93-7016316G-00CL-A00', 'NCA/TL/CPU/007/14', '', '2017-07-12', '2017-07-12', NULL, '', '', '0000-00-00'),
(510, 'Keyboard Dell', '46', '4', '1', '8', '7', '', 'CN-01HF2Y-71616-16I-07ST100', 'NCA/TL/KEY/007/14', '', '2017-07-12', '2017-07-12', NULL, '', '', '0000-00-00'),
(511, 'Dell Mouse', '46', '3', '1', '8', '7', '', 'CN-011D3V-71581-15N-0Q9M', 'NCA/TL/MSE/007/14', '', '2017-07-12', '2017-07-12', NULL, '', '', '0000-00-00'),
(512, 'APC ', '46', '16', '1', '8', '7', '', '5B0840T40834', 'NCA/TL/UPS/004/14', '', '2017-07-12', '2017-07-12', NULL, '', '', '0000-00-00'),
(513, 'Dell Monitor', '25', '1', '1', '3', '7', '', 'CN-02NOON-64180-16A-2KDS', 'NCA/TL/MON/03/14', '', '2017-07-12', '2017-07-12', NULL, '', '', '0000-00-00'),
(514, 'Dell CPU', '25', '5', '1', '3', '7', '', 'CN-04WC93-70163-16G-001Q-A00', 'NCA/TL/CPU/003/14', '', '2017-07-12', '2017-07-12', NULL, '', '', '0000-00-00'),
(515, 'Dell Keyboard', '25', '4', '1', '3', '7', '', 'CN-01HF2Y-71616-16I-07US-A00', 'NCA/TL/KEY/003/14', '', '2017-07-12', '2017-07-12', NULL, '', '', '0000-00-00'),
(516, 'Dell Mouse', '25', '3', '1', '3', '7', '', 'CN-011D3V-71581-15N-0QHX', 'NCA/TL/MSE/003/14', '', '2017-07-12', '2017-07-12', NULL, '', '', '0000-00-00'),
(517, 'Mercury UPS', '25', '16', '1', '3', '7', '', '100329E1000NOO949', 'NCA/TL/UPS/002/14', '', '2017-07-12', '2017-07-12', NULL, '', '', '0000-00-00'),
(518, 'Dell Monitor', '96', '1', '1', '17', '7', '', 'CN-02N00N-64180-16H-1XVS', 'NCA/TL/MON.010/14', '', '2017-07-12', '2017-07-12', NULL, '', '', '0000-00-00'),
(519, 'Dell CPU', '96', '5', '1', '17', '7', '', '8RXM7BS', 'NCA/TL/CPU/010/14', '', '2017-07-12', '2017-07-12', NULL, '', '', '0000-00-00'),
(520, 'Dell Keyboard', '96', '4', '1', '17', '7', '', 'CN-0DJ331-71616-A0D-0HLW', 'NCA/TL/KEY/010/14', '', '2017-07-12', '2017-07-12', NULL, '', '', '0000-00-00'),
(521, 'Dell Mouse', '96', '3', '1', '17', '7', '', 'CN-011D3V-71581-15Q-00AB', 'NCA/TL/MSE/005/14', '', '2017-07-12', '2017-07-12', NULL, '', '', '0000-00-00'),
(522, 'UPS', '96', '16', '1', '17', '7', '', '3S1520X03852', '-', '', '2017-07-12', '2017-07-12', NULL, '', '', '0000-00-00'),
(523, 'Dell Monitor', '321', '1', '1', '8', '7', '', 'CN-02N00N-64180-16H-3XPS', 'NCA/TL/MON/005/14', '', '2017-07-12', '2017-07-12', NULL, '', '', '0000-00-00'),
(524, 'Dell CPU', '321', '5', '1', '8', '7', '', 'H9J9VQ1', 'NCA/TL/CPU/001/14', '', '2017-07-12', '2017-07-12', NULL, '', '', '0000-00-00'),
(525, 'Dell Keyboard', '321', '4', '1', '8', '7', '', 'CN-ODJ331-71616-09T-08UB', 'NCA/TL/KEY/005/14', '', '2017-07-12', '2017-07-12', NULL, '', '', '0000-00-00'),
(526, 'Dell Mouse', '321', '3', '1', '8', '7', '', 'CN-011D3V-71581-0AB-15ML', 'NCA/TL/MSE/009/14', '', '2017-07-12', '2017-07-12', NULL, '', '', '0000-00-00'),
(527, 'HP Monitor', '322', '1', '1', '13', '7', '', '6CM3050RZR', 'NA', '', '2017-07-12', '2017-07-12', NULL, '', '', '0000-00-00'),
(528, 'Dell Monitor', '322', '1', '1', '13', '7', '', 'CN-0U417N-64180-12N-3A8S', 'NCA/TL/MON/006/14', '', '2017-07-12', '2017-07-12', NULL, '', '', '0000-00-00'),
(529, 'HP CPU', '322', '5', '1', '13', '7', '', 'SGH309TZ9L', 'NA', '', '2017-07-12', '2017-07-12', NULL, '', '', '0000-00-00'),
(530, 'Dell CPU', '322', '5', '1', '13', '7', '', '9WVM7BS', 'NCA/TL/MON/CPU/006/14', '', '2017-07-12', '2017-07-12', NULL, '', '', '0000-00-00'),
(531, 'HP Keyboard', '322', '4', '1', '13', '7', '', 'BDAMBONVB4ABOB', 'NA', '', '2017-07-12', '2017-07-12', NULL, '', '', '0000-00-00'),
(532, 'Dell Keyboard', '322', '4', '1', '13', '7', '', 'CN-01HF2Y-71616-16I-02FF-A00', 'NCA/TL/KEY/006/14', '', '2017-07-12', '2017-07-12', NULL, '', '', '0000-00-00'),
(533, 'mouse HP', '322', '3', '1', '13', '7', '', 'CT:FCGFLOD923YGFG', 'NA', '', '2017-07-12', '2017-07-12', NULL, '', '', '0000-00-00'),
(534, 'DELL mouse', '322', '3', '1', '13', '7', '', 'CN-011D3V-71581-0AB-0470', 'NCA/TL/MSE/006/14', '', '2017-07-12', '2017-07-12', NULL, '', '', '0000-00-00'),
(535, 'APC UPS', '322', '16', '1', '13', '7', '', '3S1521X10591', 'NA', '', '2017-07-12', '2017-07-12', NULL, '', '', '0000-00-00'),
(536, 'Dell Monitor', '384', '1', '1', '17', '7', '', 'CN-OU417N-64180-133-2H4S', 'NCA/TL/09', '', '2017-07-12', '2017-07-12', NULL, '', '', '0000-00-00'),
(537, 'Dell VOSTRO CPU', '384', '5', '1', '17', '7', '', 'JXQ9VQ1', 'NCA/TL/CPU/009/14', '', '2017-07-12', '2017-07-12', NULL, '', '', '0000-00-00'),
(538, 'Dell Keyboard', '384', '4', '1', '17', '7', '', 'CN-01HY2Y-71616-16I-02FP-A00', 'NCA/TL/KEY/009/14', '', '2017-07-12', '2017-07-12', NULL, '', '', '0000-00-00'),
(539, 'Dell Mouse', '384', '3', '1', '17', '7', '', 'CN-011D3V-71581-15N-0JWV', 'NCA/TL/MSE/010/14', '', '2017-07-12', '2017-07-12', NULL, '', '', '0000-00-00'),
(540, 'AVR', '384', '16', '1', '17', '7', '', 'NA', 'NCA/TL/AVR/001/14', '', '2017-07-12', '2017-07-12', NULL, '', '', '0000-00-00'),
(541, 'HP Printer', '392', '6', '1', '17', '7', '', 'CE528A', 'NCA/TL/PRT/002/14', '', '2017-07-12', '2017-07-12', NULL, '', '', '0000-00-00'),
(542, 'Canon Photocopier', '392', '8', '1', '17', '7', '', '21GVC01391', 'NCA/TL/PHC/001/14', '', '2017-07-12', '2017-07-12', NULL, '', '', '0000-00-00'),
(543, 'Microcut 1500XXCD Shredder', '392', '19', '1', '17', '7', '', 'NA', 'NCA/TL/SHRD/001/14', '', '2017-07-12', '2017-07-12', NULL, '', '', '0000-00-00'),
(544, 'HP Scanner', '392', '7', '1', '17', '7', '', 'CN075A506V', 'NCA/TL/SCA/001/14', '', '2017-07-12', '2017-07-12', NULL, '', '', '0000-00-00'),
(545, 'Panasonic Fax', '392', '17', '1', '17', '7', '', 'KK-FL422CX', 'NCA/TL/FAX/001/14', '', '2017-07-12', '2017-07-12', NULL, '', '', '0000-00-00'),
(546, 'Epson Projector', '392', '18', '1', '17', '7', '', 'NE6F0ZE165L', 'NCA/TL/01', '', '2017-07-12', '2017-07-12', NULL, '', '', '0000-00-00'),
(547, 'Dell Monitor', '393', '1', '1', '1', '7', '', 'CN-OU417N-64180-11P-OKBS', 'NCA/TL/MON/004/14', '', '2017-07-12', '2017-07-12', NULL, '', '', '0000-00-00'),
(548, 'Dell Optiplex', '393', '5', '1', '1', '7', '', 'HRFZXZ2J', 'NCA/ACCT/CPU/020', '', '2017-07-12', '2017-07-12', NULL, '', '', '0000-00-00'),
(549, 'Dell Keyboard', '393', '4', '1', '1', '7', '', 'CN-ODJ331-71616-O9O-06W2', 'NCA/TL/KEY/004/14', '', '2017-07-12', '2017-07-12', NULL, '', '', '0000-00-00'),
(550, 'Dell Mouse', '393', '3', '1', '1', '7', '', 'CN0-11D3V-71581- 0AB-0BXJ', 'NCA/TL/MSE/004/14', '', '2017-07-12', '2017-07-12', NULL, '', '', '0000-00-00'),
(551, 'Monitor', '394', '1', '1', '1', '7', '', 'CN-0X876H-72872-99A-1PCS', 'NCA/TL/MON/002/14', '', '2017-07-12', '2017-07-12', NULL, '', '', '0000-00-00'),
(552, 'Dell CPU', '394', '5', '1', '1', '7', '', 'DL1ZDK1', 'NCA/TL/CPU/002/14', '', '2017-07-12', '2017-07-12', NULL, '', '', '0000-00-00'),
(553, 'Dell Keyboard', '394', '4', '1', '1', '7', '', 'CN-0RH659-73751-998-00ZH', 'NCA/TL/KEY/002/14', '', '2017-07-12', '2017-07-12', NULL, '', '', '0000-00-00'),
(554, 'Dell Mouse', '394', '3', '1', '1', '7', '', 'LZ9270C2UAN', 'NCA/TL/MSE/003/14', '', '2017-07-12', '2017-07-12', NULL, '', '', '0000-00-00'),
(555, 'APC UPS', '394', '16', '1', '1', '7', '', '3S150X03859', 'NA', '', '2017-07-12', '2017-07-12', NULL, '', '', '0000-00-00'),
(556, 'HP Laptop', '394', '2', '1', '1', '7', '', 'NA', 'NA', '', '2017-07-12', '2017-07-12', NULL, '', '', '0000-00-00'),
(557, 'Dell Monitor', '395', '1', '1', '17', '7', '', 'CN-C00N-64180-16H-2GMS', 'NCA/TL/MON/001/14', '', '2017-07-12', '2017-07-12', NULL, '', '', '0000-00-00'),
(558, 'Dell CPU', '395', '5', '1', '17', '7', '', 'NA', 'NCA/TL/CPU/001/14', '', '2017-07-12', '2017-07-12', NULL, '', '', '0000-00-00'),
(559, 'APC UPS', '395', '16', '1', '17', '7', '', '3S1521X10685', 'NA', '', '2017-07-12', '2017-07-12', NULL, '', '', '0000-00-00'),
(560, 'Dell Keyboard', '395', '4', '1', '17', '7', '', 'CN-01HF2Y-71616-16I-02NB-A00', 'NCA/TL/KEY/001/14', '', '2017-07-12', '2017-07-12', NULL, '', '', '0000-00-00'),
(561, 'Dell mouse', '395', '3', '1', '17', '7', '', 'CN-0113DV-71581-15Q-07VG', 'NCA/TL/MSE/001/14', '', '2017-07-12', '2017-07-12', NULL, '', '', '0000-00-00'),
(562, 'HP Printer', '395', '6', '1', '17', '7', '', 'NA', 'NCA/TL/PRT/001/14', '', '2017-07-12', '2017-07-12', NULL, '', '', '0000-00-00'),
(563, 'HP Laptop', '395', '2', '1', '17', '7', '', 'NA', 'NA', '', '2017-07-12', '2017-07-12', NULL, '', '', '0000-00-00'),
(564, '4-channel DVR', '395', '20', '1', '17', '7', '', 'NA', 'NCA/TL/CCTV/EQ/14', '', '2017-07-12', '2017-07-12', NULL, '', '', '0000-00-00'),
(565, '16-channel DVR', '395', '20', '1', '17', '7', '', 'NA', 'NCA/TL/CCTV/EQ/14', '', '2017-07-12', '2017-07-12', NULL, '', '', '0000-00-00'),
(566, 'ede', '238', '5', '1', '8', '1', '', 'dcfvghfdh', 'fdgfhgfj', '', '1970-01-01', '2017-07-14', NULL, '', '', '0000-00-00');

-- --------------------------------------------------------

--
-- Table structure for table `asset_category`
--
-- Creation: Jul 05, 2017 at 01:30 PM
--

DROP TABLE IF EXISTS `asset_category`;
CREATE TABLE `asset_category` (
  `assetCategoryID` int(2) NOT NULL,
  `AssetCategory` varchar(18) DEFAULT NULL
) ;

--
-- RELATIONSHIPS FOR TABLE `asset_category`:
--

--
-- Dumping data for table `asset_category`
--

INSERT INTO `asset_category` (`assetCategoryID`, `AssetCategory`) VALUES
(1, 'Monitor'),
(2, 'Laptop'),
(3, 'Mouse'),
(4, 'Keyboard'),
(5, 'System Unit'),
(6, 'Printer'),
(7, 'Scanner'),
(8, 'Copier/Printer'),
(9, 'Analogue Phone'),
(10, 'Digital Phone'),
(11, 'Server'),
(12, 'Switch'),
(13, 'Router'),
(14, 'Firewall'),
(15, 'Desktop All-in-One'),
(16, 'UPS'),
(17, 'Fax'),
(18, 'Projector'),
(19, 'Shredder'),
(20, 'LG tv'),
(21, 'DSTV Decoder');

-- --------------------------------------------------------

--
-- Table structure for table `countries`
--
-- Creation: Jul 07, 2017 at 03:42 AM
--

DROP TABLE IF EXISTS `countries`;
CREATE TABLE `countries` (
  `id` int(11) NOT NULL,
  `sortname` varchar(3) NOT NULL,
  `name` varchar(150) NOT NULL,
  `phonecode` int(11) NOT NULL
) ;

--
-- RELATIONSHIPS FOR TABLE `countries`:
--

--
-- Dumping data for table `countries`
--

INSERT INTO `countries` (`id`, `sortname`, `name`, `phonecode`) VALUES
(1, 'AF', 'Afghanistan', 93),
(2, 'AL', 'Albania', 355),
(3, 'DZ', 'Algeria', 213),
(4, 'AS', 'American Samoa', 1684),
(5, 'AD', 'Andorra', 376),
(6, 'AO', 'Angola', 244),
(7, 'AI', 'Anguilla', 1264),
(8, 'AQ', 'Antarctica', 0),
(9, 'AG', 'Antigua And Barbuda', 1268),
(10, 'AR', 'Argentina', 54),
(11, 'AM', 'Armenia', 374),
(12, 'AW', 'Aruba', 297),
(13, 'AU', 'Australia', 61),
(14, 'AT', 'Austria', 43),
(15, 'AZ', 'Azerbaijan', 994),
(16, 'BS', 'Bahamas The', 1242),
(17, 'BH', 'Bahrain', 973),
(18, 'BD', 'Bangladesh', 880),
(19, 'BB', 'Barbados', 1246),
(20, 'BY', 'Belarus', 375),
(21, 'BE', 'Belgium', 32),
(22, 'BZ', 'Belize', 501),
(23, 'BJ', 'Benin', 229),
(24, 'BM', 'Bermuda', 1441),
(25, 'BT', 'Bhutan', 975),
(26, 'BO', 'Bolivia', 591),
(27, 'BA', 'Bosnia and Herzegovina', 387),
(28, 'BW', 'Botswana', 267),
(29, 'BV', 'Bouvet Island', 0),
(30, 'BR', 'Brazil', 55),
(31, 'IO', 'British Indian Ocean Territory', 246),
(32, 'BN', 'Brunei', 673),
(33, 'BG', 'Bulgaria', 359),
(34, 'BF', 'Burkina Faso', 226),
(35, 'BI', 'Burundi', 257),
(36, 'KH', 'Cambodia', 855),
(37, 'CM', 'Cameroon', 237),
(38, 'CA', 'Canada', 1),
(39, 'CV', 'Cape Verde', 238),
(40, 'KY', 'Cayman Islands', 1345),
(41, 'CF', 'Central African Republic', 236),
(42, 'TD', 'Chad', 235),
(43, 'CL', 'Chile', 56),
(44, 'CN', 'China', 86),
(45, 'CX', 'Christmas Island', 61),
(46, 'CC', 'Cocos (Keeling) Islands', 672),
(47, 'CO', 'Colombia', 57),
(48, 'KM', 'Comoros', 269),
(49, 'CG', 'Congo', 242),
(50, 'CD', 'Congo The Democratic Republic Of The', 242),
(51, 'CK', 'Cook Islands', 682),
(52, 'CR', 'Costa Rica', 506),
(53, 'CI', 'Cote D\'Ivoire (Ivory Coast)', 225),
(54, 'HR', 'Croatia (Hrvatska)', 385),
(55, 'CU', 'Cuba', 53),
(56, 'CY', 'Cyprus', 357),
(57, 'CZ', 'Czech Republic', 420),
(58, 'DK', 'Denmark', 45),
(59, 'DJ', 'Djibouti', 253),
(60, 'DM', 'Dominica', 1767),
(61, 'DO', 'Dominican Republic', 1809),
(62, 'TP', 'East Timor', 670),
(63, 'EC', 'Ecuador', 593),
(64, 'EG', 'Egypt', 20),
(65, 'SV', 'El Salvador', 503),
(66, 'GQ', 'Equatorial Guinea', 240),
(67, 'ER', 'Eritrea', 291),
(68, 'EE', 'Estonia', 372),
(69, 'ET', 'Ethiopia', 251),
(70, 'XA', 'External Territories of Australia', 61),
(71, 'FK', 'Falkland Islands', 500),
(72, 'FO', 'Faroe Islands', 298),
(73, 'FJ', 'Fiji Islands', 679),
(74, 'FI', 'Finland', 358),
(75, 'FR', 'France', 33),
(76, 'GF', 'French Guiana', 594),
(77, 'PF', 'French Polynesia', 689),
(78, 'TF', 'French Southern Territories', 0),
(79, 'GA', 'Gabon', 241),
(80, 'GM', 'Gambia The', 220),
(81, 'GE', 'Georgia', 995),
(82, 'DE', 'Germany', 49),
(83, 'GH', 'Ghana', 233),
(84, 'GI', 'Gibraltar', 350),
(85, 'GR', 'Greece', 30),
(86, 'GL', 'Greenland', 299),
(87, 'GD', 'Grenada', 1473),
(88, 'GP', 'Guadeloupe', 590),
(89, 'GU', 'Guam', 1671),
(90, 'GT', 'Guatemala', 502),
(91, 'XU', 'Guernsey and Alderney', 44),
(92, 'GN', 'Guinea', 224),
(93, 'GW', 'Guinea-Bissau', 245),
(94, 'GY', 'Guyana', 592),
(95, 'HT', 'Haiti', 509),
(96, 'HM', 'Heard and McDonald Islands', 0),
(97, 'HN', 'Honduras', 504),
(98, 'HK', 'Hong Kong S.A.R.', 852),
(99, 'HU', 'Hungary', 36),
(100, 'IS', 'Iceland', 354),
(101, 'IN', 'India', 91),
(102, 'ID', 'Indonesia', 62),
(103, 'IR', 'Iran', 98),
(104, 'IQ', 'Iraq', 964),
(105, 'IE', 'Ireland', 353),
(106, 'IL', 'Israel', 972),
(107, 'IT', 'Italy', 39),
(108, 'JM', 'Jamaica', 1876),
(109, 'JP', 'Japan', 81),
(110, 'XJ', 'Jersey', 44),
(111, 'JO', 'Jordan', 962),
(112, 'KZ', 'Kazakhstan', 7),
(113, 'KE', 'Kenya', 254),
(114, 'KI', 'Kiribati', 686),
(115, 'KP', 'Korea North', 850),
(116, 'KR', 'Korea South', 82),
(117, 'KW', 'Kuwait', 965),
(118, 'KG', 'Kyrgyzstan', 996),
(119, 'LA', 'Laos', 856),
(120, 'LV', 'Latvia', 371),
(121, 'LB', 'Lebanon', 961),
(122, 'LS', 'Lesotho', 266),
(123, 'LR', 'Liberia', 231),
(124, 'LY', 'Libya', 218),
(125, 'LI', 'Liechtenstein', 423),
(126, 'LT', 'Lithuania', 370),
(127, 'LU', 'Luxembourg', 352),
(128, 'MO', 'Macau S.A.R.', 853),
(129, 'MK', 'Macedonia', 389),
(130, 'MG', 'Madagascar', 261),
(131, 'MW', 'Malawi', 265),
(132, 'MY', 'Malaysia', 60),
(133, 'MV', 'Maldives', 960),
(134, 'ML', 'Mali', 223),
(135, 'MT', 'Malta', 356),
(136, 'XM', 'Man (Isle of)', 44),
(137, 'MH', 'Marshall Islands', 692),
(138, 'MQ', 'Martinique', 596),
(139, 'MR', 'Mauritania', 222),
(140, 'MU', 'Mauritius', 230),
(141, 'YT', 'Mayotte', 269),
(142, 'MX', 'Mexico', 52),
(143, 'FM', 'Micronesia', 691),
(144, 'MD', 'Moldova', 373),
(145, 'MC', 'Monaco', 377),
(146, 'MN', 'Mongolia', 976),
(147, 'MS', 'Montserrat', 1664),
(148, 'MA', 'Morocco', 212),
(149, 'MZ', 'Mozambique', 258),
(150, 'MM', 'Myanmar', 95),
(151, 'NA', 'Namibia', 264),
(152, 'NR', 'Nauru', 674),
(153, 'NP', 'Nepal', 977),
(154, 'AN', 'Netherlands Antilles', 599),
(155, 'NL', 'Netherlands The', 31),
(156, 'NC', 'New Caledonia', 687),
(157, 'NZ', 'New Zealand', 64),
(158, 'NI', 'Nicaragua', 505),
(159, 'NE', 'Niger', 227),
(160, 'NG', 'Nigeria', 234),
(161, 'NU', 'Niue', 683),
(162, 'NF', 'Norfolk Island', 672),
(163, 'MP', 'Northern Mariana Islands', 1670),
(164, 'NO', 'Norway', 47),
(165, 'OM', 'Oman', 968),
(166, 'PK', 'Pakistan', 92),
(167, 'PW', 'Palau', 680),
(168, 'PS', 'Palestinian Territory Occupied', 970),
(169, 'PA', 'Panama', 507),
(170, 'PG', 'Papua new Guinea', 675),
(171, 'PY', 'Paraguay', 595),
(172, 'PE', 'Peru', 51),
(173, 'PH', 'Philippines', 63),
(174, 'PN', 'Pitcairn Island', 0),
(175, 'PL', 'Poland', 48),
(176, 'PT', 'Portugal', 351),
(177, 'PR', 'Puerto Rico', 1787),
(178, 'QA', 'Qatar', 974),
(179, 'RE', 'Reunion', 262),
(180, 'RO', 'Romania', 40),
(181, 'RU', 'Russia', 70),
(182, 'RW', 'Rwanda', 250),
(183, 'SH', 'Saint Helena', 290),
(184, 'KN', 'Saint Kitts And Nevis', 1869),
(185, 'LC', 'Saint Lucia', 1758),
(186, 'PM', 'Saint Pierre and Miquelon', 508),
(187, 'VC', 'Saint Vincent And The Grenadines', 1784),
(188, 'WS', 'Samoa', 684),
(189, 'SM', 'San Marino', 378),
(190, 'ST', 'Sao Tome and Principe', 239),
(191, 'SA', 'Saudi Arabia', 966),
(192, 'SN', 'Senegal', 221),
(193, 'RS', 'Serbia', 381),
(194, 'SC', 'Seychelles', 248),
(195, 'SL', 'Sierra Leone', 232),
(196, 'SG', 'Singapore', 65),
(197, 'SK', 'Slovakia', 421),
(198, 'SI', 'Slovenia', 386),
(199, 'XG', 'Smaller Territories of the UK', 44),
(200, 'SB', 'Solomon Islands', 677),
(201, 'SO', 'Somalia', 252),
(202, 'ZA', 'South Africa', 27),
(203, 'GS', 'South Georgia', 0),
(204, 'SS', 'South Sudan', 211),
(205, 'ES', 'Spain', 34),
(206, 'LK', 'Sri Lanka', 94),
(207, 'SD', 'Sudan', 249),
(208, 'SR', 'Suriname', 597),
(209, 'SJ', 'Svalbard And Jan Mayen Islands', 47),
(210, 'SZ', 'Swaziland', 268),
(211, 'SE', 'Sweden', 46),
(212, 'CH', 'Switzerland', 41),
(213, 'SY', 'Syria', 963),
(214, 'TW', 'Taiwan', 886),
(215, 'TJ', 'Tajikistan', 992),
(216, 'TZ', 'Tanzania', 255),
(217, 'TH', 'Thailand', 66),
(218, 'TG', 'Togo', 228),
(219, 'TK', 'Tokelau', 690),
(220, 'TO', 'Tonga', 676),
(221, 'TT', 'Trinidad And Tobago', 1868),
(222, 'TN', 'Tunisia', 216),
(223, 'TR', 'Turkey', 90),
(224, 'TM', 'Turkmenistan', 7370),
(225, 'TC', 'Turks And Caicos Islands', 1649),
(226, 'TV', 'Tuvalu', 688),
(227, 'UG', 'Uganda', 256),
(228, 'UA', 'Ukraine', 380),
(229, 'AE', 'United Arab Emirates', 971),
(230, 'GB', 'United Kingdom', 44),
(231, 'US', 'United States', 1),
(232, 'UM', 'United States Minor Outlying Islands', 1),
(233, 'UY', 'Uruguay', 598),
(234, 'UZ', 'Uzbekistan', 998),
(235, 'VU', 'Vanuatu', 678),
(236, 'VA', 'Vatican City State (Holy See)', 39),
(237, 'VE', 'Venezuela', 58),
(238, 'VN', 'Vietnam', 84),
(239, 'VG', 'Virgin Islands (British)', 1284),
(240, 'VI', 'Virgin Islands (US)', 1340),
(241, 'WF', 'Wallis And Futuna Islands', 681),
(242, 'EH', 'Western Sahara', 212),
(243, 'YE', 'Yemen', 967),
(244, 'YU', 'Yugoslavia', 38),
(245, 'ZM', 'Zambia', 260),
(246, 'ZW', 'Zimbabwe', 263);

-- --------------------------------------------------------

--
-- Table structure for table `divisions`
--
-- Creation: Jul 05, 2017 at 01:29 PM
--

DROP TABLE IF EXISTS `divisions`;
CREATE TABLE `divisions` (
  `divisionID` int(2) NOT NULL,
  `DivisionName` varchar(31) DEFAULT NULL
) ;

--
-- RELATIONSHIPS FOR TABLE `divisions`:
--

--
-- Dumping data for table `divisions`
--

INSERT INTO `divisions` (`divisionID`, `DivisionName`) VALUES
(1, 'IT'),
(2, 'Consumer and Corporate Affairs'),
(3, 'Finance'),
(4, 'DG/DG Secretariat'),
(5, 'DDGTO/DDGTO Secretatriat'),
(6, 'DDGMO/DDGMO Secretariat'),
(7, 'Policy, Strategy and Innovation'),
(8, 'Engineering'),
(10, 'Human Resource'),
(11, 'Internal Audit'),
(12, 'Monitoring and Compliance'),
(13, 'Regulatory Admin'),
(14, 'Legal'),
(15, 'CyberSecurity'),
(16, 'Research and Development'),
(17, 'Administration'),
(18, 'DDG Ops/ DDG Ops Secretariat');

-- --------------------------------------------------------

--
-- Table structure for table `employees`
--
-- Creation: Jul 07, 2017 at 03:01 AM
--

DROP TABLE IF EXISTS `employees`;
CREATE TABLE `employees` (
  `employeeID` int(3) NOT NULL,
  `EmployeeName` varchar(58) DEFAULT NULL,
  `Division` varchar(10) NOT NULL,
  `Extension` varchar(10) DEFAULT NULL,
  `MobilePhone` varchar(10) DEFAULT NULL,
  `Office` varchar(10) DEFAULT NULL
) ;

--
-- RELATIONSHIPS FOR TABLE `employees`:
--   `Division`
--       `divisions` -> `divisionID`
--   `Office`
--       `office` -> `officeID`
--

--
-- Dumping data for table `employees`
--

INSERT INTO `employees` (`employeeID`, `EmployeeName`, `Division`, `Extension`, `MobilePhone`, `Office`) VALUES
(1, 'ANIT TII SAMANI', '9', '', '', '8'),
(2, 'Abena Asafu Adjei', '7', '', '', '1'),
(3, 'Ramata Issahaq- Pelpuo', '7', '', '', '1'),
(4, 'Salome Odoom', '16', '', '', '1'),
(5, 'Paul Kofi Datsa', '13', '', '', '1'),
(6, 'Dr. Issac Ani', '3', '', '', '1'),
(7, 'Henry Kanor', '8', '', '', '1'),
(8, 'Mawuko Zormelo', '11', '', '', '1'),
(9, 'Nana Defie Badu', '2', '', '', '1'),
(10, 'Patrick John Laryea', '12', '', '', '1'),
(11, 'Charles Amoah- Wilson', '10', '', '', '1'),
(12, 'Ebenezer Tetteh Nartey', '3', '', '', '1'),
(13, 'Golda Adjei', '4', '', '', '1'),
(14, 'Ken Adu Amonfoh', '1', '', '', '1'),
(15, 'Victor Teppeh', '16', '', '', '1'),
(16, 'Ignatius Arthur', '', '', '', ''),
(17, 'Gloria Opoku Ansong', '', '', '', ''),
(18, 'Issah Amadu', '', '', '', ''),
(19, 'Phyllis A.A Asampong', '', '', '', ''),
(20, 'Ebenezer Quarcoo', '', '', '', ''),
(21, 'George Asare', '', '', '', ''),
(22, 'Frank Adjei Mensah', '', '', '', ''),
(23, 'Kwabena Nsiah Asare', '', '', '', ''),
(24, 'Victor Yaw Adjei', '', '', '', ''),
(25, 'Ramatu Ewuntomah Ibrahim', '3', '', '', '7'),
(26, 'Deladem Bansah', '', '', '', ''),
(27, 'Haniefa Quaye', '3', '', '', '2'),
(28, 'Richard Perigrino Nelson', '', '', '', ''),
(29, 'Zenabu Bagigah', '', '', '', ''),
(30, 'Naa. Amorkor Asihene', '8', '', '', '1'),
(31, 'Bernard Amissah Ocran', '8', '', '', '1'),
(32, 'Edmund Fianko Yirenkyi', '8', '', '', '1'),
(33, 'Robert Apaya', '', '', '', ''),
(34, 'Charles Acheampong', '8', '', '', '1'),
(35, 'Margaret Abba Donkor', '8', '', '', '1'),
(36, 'Timothy Adi Ashong', '', '', '', ''),
(37, 'Ransford Delali Odoom', '', '', '', ''),
(38, 'Isaac Koduah', '', '', '', ''),
(39, 'Hamidatu Iddrisu', '8', '', '', '1'),
(40, 'Jennifer Mensah', '', '', '', ''),
(41, 'Peter Djarkwah', '', '', '', ''),
(42, 'Emmanuel Paa Kwesi Andoh', '', '', '', ''),
(43, 'Alexander Asomani-Sasu', '', '', '', ''),
(44, 'Abdulai Antigba', '', '', '', ''),
(45, 'George  Ardem Agbozo', '', '', '', ''),
(46, 'Abubakr-Bibilazu Ahmed', '8', '', '', '7'),
(47, 'Abdul Rahman Mas-oud', '', '', '', ''),
(48, 'Kwabena Ameyaw Badu', '', '', '', ''),
(49, 'Julius Anani Akpalu', '8', '', '', '2'),
(50, 'Raymond Akuetteh Bill', '', '', '', ''),
(51, 'Baafuor Osei Akoto Kwame', '', '', '', ''),
(52, 'Emmanuel Krampah Adubah', '', '', '', ''),
(53, 'Ivy Hoetu', '', '', '', ''),
(54, 'Aaron Akutteh', '', '', '', ''),
(55, 'Kwame Baah-Acheamfuor', '13', '', '', '1'),
(56, 'Joyce Abbey', '13', '', '', '1'),
(57, 'Joycelyn Boamah', '13', '', '', '1'),
(58, 'Isaac Boateng', '', '', '', ''),
(59, 'Yaw Boamah Baafi', '13', '', '', '1'),
(60, 'Kofi Ntim Yeboah Kordieh', '13', '', '', '1'),
(61, 'Thomas Daniel Hayford', '12', '', '', '1'),
(62, 'Dromo Atswei Adjetey', '12', '', '', '1'),
(63, 'Isaac Annan Laryea', '', '', '', ''),
(64, 'Ama Werekoa Sekyere- Boateng', '', '', '', ''),
(65, 'Henrietta  Acquaye', '', '', '', ''),
(66, 'Alfred Ato Kwamena Gaisie', '', '', '', ''),
(67, 'Reginald Kwame Gyane', '12', '', '', '1'),
(68, 'Frederick  Asumanu', '13', '', '', '1'),
(69, 'George Amofa', '12', '', '', '1'),
(70, 'Samuel K. Agyekum', '12', '', '', '1'),
(71, 'Paul Amoako', '13', '', '', '1'),
(72, 'Roland Yaw Kudozia', '', '', '', ''),
(73, 'Clement  Anabire Akasoba', '', '', '', ''),
(74, 'Clive Ebo Barton-Odro', '', '', '', ''),
(75, 'Gabriel Kwofie', '', '', '', ''),
(76, 'Michael Asiedu Offei', '', '', '', ''),
(77, 'Barbara Ampomah', '', '', '', ''),
(78, 'Dotteh Tetteh-Obuobi', '', '', '', ''),
(79, 'Beatrice Heming', '17', '', '', '1'),
(80, 'Alice Fleischer-Anato', '', '', '', ''),
(81, 'Lena Crampah', '', '', '', ''),
(82, 'Frank Djomoah', '', '', '', ''),
(83, 'Marylyn Ahiagbah', '', '', '', ''),
(84, 'Matilda  Abban', '9', '', '', '2'),
(85, 'Maxwell Owusu Marfo', '', '', '', ''),
(86, 'Isaac Kobina Kwarko', '', '', '', ''),
(87, 'Norbert Kwankye', '', '', '', ''),
(88, 'William Lashington Mensah Dodoo', '16', '', '', '1'),
(89, 'Michael Ansah', '1', '', '', '1'),
(90, 'Joyce Pobi', '', '', '', ''),
(91, 'John Benyarko Essamuah', '10', '', '', '1'),
(92, 'Gabriel Kofi Bentsi Bondzie', '', '', '', ''),
(93, 'Sophia R. Bakari-Juan', '', '', '', ''),
(94, 'Prince Reggie Ankrah', '1', '', '', '1'),
(95, 'Samuel Nartey Graham', '', '', '', ''),
(96, 'Iddrisu Abdul Kadiri', '17', '', '', '7'),
(97, 'Mavis(Ansah) Atukwei-Quaye', '', '', '', ''),
(98, 'Frederick Owusu-Adjapong', '', '', '', ''),
(99, 'Alhaji Osman Alhassan', '', '', '', ''),
(100, 'Celestine Ameka', '', '', '', ''),
(101, 'Linda Amate', '12', '', '', '1'),
(102, 'Cosih Seddoh Smith', '', '', '', ''),
(103, 'Mabel Norvisi Dake', '9', '', '', '1'),
(104, 'Rafia Techi Wedjong', '', '', '', ''),
(105, 'Anita Tii Samani', '3', '', '', '6'),
(106, 'George K. Abrokwah', '', '', '', ''),
(107, 'Benedict Dambatoa  Abankwe', '', '', '', ''),
(108, 'Henry Obuobisah', '', '', '', ''),
(109, 'Sulley Nuru Iman', '', '', '', ''),
(110, 'Michael Tagborloh', '', '', '', ''),
(111, 'Robert Mensah', '', '', '', ''),
(112, 'Isaac Quaidoo', '', '', '', ''),
(113, 'Emmanuel Odartey', '', '', '', ''),
(114, 'Benjamin Boadu', '', '', '', ''),
(115, 'Lennox Kanbong', '', '', '', ''),
(116, 'Abraham Mensah', '', '', '', ''),
(117, 'Zeberion K. Tetteh', '', '', '', ''),
(118, 'Jerold. K  Samuel Manu', '', '', '', ''),
(119, 'Seth Mensah', '', '', '', ''),
(120, 'Charles Kwame Nedzo', '', '', '', ''),
(121, 'James Owusu', '', '', '', ''),
(122, 'Richard Kwesi Akuffo', '', '', '', ''),
(123, 'Aiden Tankpara', '', '', '', ''),
(124, 'Henry K. Mishio', '', '', '', ''),
(125, 'Deborah Nutsupi', '', '', '', ''),
(126, 'Georgina Bansah', '', '', '', ''),
(127, 'Agnes Nifah', '', '', '', ''),
(128, 'Josephine Yeboah', '4', '', '', '1'),
(129, 'Grace Azanang', '', '', '', ''),
(130, 'Charllote Armah', '', '', '', ''),
(131, 'Kwesi Atimbila', '', '', '', ''),
(132, 'Alex Gyamera', '', '', '', ''),
(133, 'Alice Samwaa', '', '', '', ''),
(134, 'Comfort Louisa Malladan', '', '', '', ''),
(135, 'Imoro Alhassan', '', '', '', ''),
(136, 'Mrs. Afua Akyaa Mensah Amosah', '', '', '', ''),
(137, 'Abigail Gunn', '2', '', '', '1'),
(138, 'Abed Bandim', '9', '', '', '1'),
(139, 'Lena Asantewaa Ampadu', '', '', '', ''),
(140, 'Rachel Austin', '', '', '', ''),
(141, 'Hawa Yakubu Bayayinah', '', '', '', ''),
(142, 'Rahinatu Ali', '2', '', '', '1'),
(143, 'Mavis Obeng Aidoo', '', '', '', ''),
(144, 'Tracey G. Ofori', '2', '', '', '1'),
(145, 'Gloria Boateng', '9', '', '', '1'),
(146, 'Sylvia Niine Okrah', '', '', '', ''),
(147, 'Jamal Abu Mohammed', '2', '', '', '7'),
(148, 'Abena Serwaa Cobbina', '', '', '', ''),
(149, 'Diana Owusu-Ansah', '', '', '', ''),
(150, 'Samuel Anaba Anyagre', '', '', '', ''),
(151, 'Beatrice (Prah-Arthur) Koma Laryea', '', '', '', ''),
(152, 'Gloria Auther-Ghartey', '', '', '', ''),
(153, 'Gladys A. Ayertey', '', '', '', ''),
(154, 'Henry Neequaye', '', '', '', ''),
(155, 'Grace Prempeh', '', '', '', ''),
(156, 'Gloria Lamptey', '14', '', '', '1'),
(157, 'Mabel Mac-Claude', '', '', '', ''),
(158, 'Gordon Akwowora Wiru', '', '', '', ''),
(159, 'Evelyn Bediakoh Adu', '', '', '', ''),
(160, 'Anna Mensah-Danso', '14', '', '', '1'),
(161, 'Asumah Dokurugu', '', '', '', ''),
(162, 'Bright Oduro-Nimo', '', '', '', ''),
(163, 'Margaret Aryeetey', '11', '', '', '1'),
(164, 'Faustina Daang', '', '', '', ''),
(165, 'Patricia Bodi', '', '', '', ''),
(166, 'Sedem Yeboah', '', '', '', ''),
(167, 'Anastacia Asare', '', '', '', ''),
(168, 'Eunice Nkrumah', '', '', '', ''),
(169, 'Cletus Kolu', '', '', '', ''),
(170, 'Kwadwo Omari Agyepong', '', '', '', ''),
(171, 'Eric Ayeebo Atiah', '', '', '', ''),
(172, 'Abdul Rahaman Ibrahim', '', '', '', ''),
(173, 'Emmanuel Dramani Bakeri', '', '', '', ''),
(174, 'Edward Kobina Sutherland', '', '', '', ''),
(175, 'Justice Appiah', '', '', '', ''),
(176, 'Peter Tandoh', '', '', '', ''),
(177, 'Michael Fynn', '', '', '', ''),
(178, 'Frank Enene', '', '', '', ''),
(179, 'Edmund Siaw', '', '', '', ''),
(180, 'Amma Boahene', '2', '', '', '1'),
(181, 'Paul Owusu-Mensah', '', '', '', ''),
(182, 'Prince Aziz Kassim', '', '', '', ''),
(183, 'Larnor Simon Tetteh', '', '', '', ''),
(184, 'Abdul-Razak Salifu', '', '', '', ''),
(185, 'Toffik Romeo Tahiru', '13', '', '', '1'),
(186, 'Peter Onyekwere', '', '', '', ''),
(187, 'Emmanuel Larbi Offei', '16', '', '', '1'),
(188, 'Maxwell N.A Eduful', '', '', '', ''),
(189, 'Nana Akosua Boahemaa Acheampong', '', '', '', ''),
(190, 'Isaac Nkoah Mensah', '', '', '', ''),
(191, 'Nana Akosah Sarpong', '', '', '', ''),
(192, 'Nii Ayitey Komey', '', '', '', ''),
(193, 'Mohammed Amin Suleman', '12', '', '', '1'),
(194, 'Buajor Puplampu', '1', '', '', '1'),
(195, 'Rosemond Effah-Sarkwa', '', '', '', ''),
(196, 'Samata Mumuni', '', '', '', ''),
(197, 'Shamira Delegmene Karim', '', '', '', ''),
(198, 'David Kojo Gyapanin', '', '', '', ''),
(199, 'Francis Yiryel', '13', '', '', '1'),
(200, 'Sahadatu Abdulai', '13', '', '', '1'),
(201, 'Caroline Iddi', '1', '', '', '1'),
(202, 'Mashood Abdul-Mumuni', '14', '', '', '1'),
(203, 'Etta Gyamfi Mensah', '14', '', '', '1'),
(204, 'James Akkuetteh Sowah', '', '', '', ''),
(205, 'Emmanuel Felix Neizer', '', '', '', ''),
(206, 'Rosemary Agbetor', '', '', '', ''),
(207, 'Sarah Naa Lamiley Lamptey', '2', '', '', '1'),
(208, 'Osman Dasana Mohammed', '', '', '', ''),
(209, 'Joseph Owusu-Mireku', '', '', '', ''),
(210, 'Gabriel Dah Yao Tettey', '', '', '', ''),
(211, 'Nana Kwabena Kusi', '', '', '', ''),
(212, 'Kevin Kumadi', '', '', '', ''),
(213, 'Salifu Yusif', '9', '', '', '1'),
(214, 'Edmund Osei Afriyie', '', '', '', ''),
(215, 'Norbert Borklo Yao', '', '', '', ''),
(216, 'Yvonne Oyeson', '', '', '', ''),
(217, 'Eunice Asanwa Asamoah', '', '', '', ''),
(218, 'Adombiri-Naba Justina', '', '', '', ''),
(219, 'Victoria Biney', '', '', '', ''),
(220, 'Dominic Kofi Sarpong Boafo', '1', '', '', '1'),
(221, 'Prince Henry Tonyi', '', '', '', ''),
(222, 'Vincent Tutu-Yeboah', '', '', '', ''),
(223, 'Asantewaa Yiadom Boakye', '11', '', '', '1'),
(224, 'Sulemana Mahamadu', '', '', '', ''),
(225, 'Agyei Yaw Kevorson', '', '', '', ''),
(226, 'Stella Dede Okley', '17', '', '', '2'),
(227, 'Marian Norga', '', '', '', ''),
(228, 'Elaine Brew', '', '', '', ''),
(229, 'Nelly  Owusu Debrah', '4', '', '', '1'),
(230, 'Josephone Adu-Fowaa', '', '', '', ''),
(231, 'Charles Ronald Sanny', '', '', '', ''),
(232, 'Nathan Wunsonti Musah', '', '', '', ''),
(233, 'Collison Nii  Clottey Oko', '', '', '', ''),
(234, 'Marian Vanderpujie', '', '', '', ''),
(235, 'Harriet Rakia Gomina', '', '', '', ''),
(236, 'Fayidatu Alhassan', '', '', '', ''),
(237, 'Theresa Nyedua Ayisi', '', '', '', ''),
(238, 'Florence Martey', '8', '', '', '1'),
(239, 'George Gyedu-Adomako', '11', '', '', '1'),
(273, 'Victora Biney', '3', '', '', '1'),
(274, 'Emmanuel Larbi', '', '', '', ''),
(275, 'Issac Laryea', '12', '', '', '1'),
(276, 'Akosua Boahemaa Acheampong', '12', '', '', '1'),
(277, 'Type Approval Lab(EMF)', '13', '', '', '1'),
(278, 'Monitoring(Takoradi)', '8', '', '', '1'),
(279, 'Monitoring(Tamale)', '8', '', '', '1'),
(280, 'Gloria Boateng', '2', '', '', '1'),
(281, 'Abdul Razak Salifu', '13', '', '', '1'),
(282, 'Peter Onyekwere', '13', '', '', '1'),
(283, 'Gloria Lamptey', '', '', '', ''),
(284, 'ERP', '', '', '', ''),
(285, 'Sigos (Rhema systems)', '', '', '', ''),
(286, 'Data Center', '1', '', '', '1'),
(287, 'Ddg Secretariat', '', '', '', ''),
(288, 'Finance', '3', '', '', '1'),
(289, 'Engineering', '8', '', '', '1'),
(290, 'Consumer & Corporate Affairs', '2', '', '', '1'),
(291, 'Administration & Human Resource', '9', '', '', '1'),
(292, 'Monitoring &Compliance', '12', '', '', '1'),
(293, 'Legal', '14', '', '', '1'),
(294, 'Research & Development', '16', '', '', '1'),
(295, 'Reglatory', '', '', '', ''),
(296, 'Internal Audit', '11', '', '', '1'),
(297, 'Policy, Innovation & StrategyPolicy, Innovation & Strategy', '', '', '', ''),
(298, 'Reglatory', '', '', '', ''),
(299, 'DG SEC', '', '', '', ''),
(300, 'DG Secretariat', '4', '', '', '1'),
(301, 'Nelly Owusua Debrah', '', '', '', ''),
(302, 'Josephine Adu-Fowaa', '', '', '', ''),
(303, 'Nkwantakese- Kumasi Office', '1', '', '', '5'),
(304, 'Frederick Owusu-Adjapong', '1', '', '', '5'),
(305, 'Kumasi -General Office', '1', '', '', '5'),
(306, 'Gabriel Kwofie', '1', '', '', '5'),
(311, 'Rafia Techi Wedjong', '', '', '', ''),
(312, 'Lena A. Ampadu', '9', '', '', '5'),
(313, 'Hawa Y. Bayayinah', '2', '', '', '5'),
(314, 'Victor Y. Adjei', '3', '', '', '5'),
(315, 'Emmanuel Felix Neizer', '16', '', '', '5'),
(316, 'Michael Tagborloh', '17', '', '', '5'),
(317, 'Mr Jamal Abu Mohammed', '', '', '', ''),
(318, 'Mr Ahmed Abubakr Biblazu', '', '', '', ''),
(319, 'Madam Ramatu Ewontumah Ibrahim', '', '', '', ''),
(320, 'Mr. Iddrisu Abdul-Kadiri', '', '', '', ''),
(321, 'Mr. Mohammed Sulemana', '8', '', '', '7'),
(322, 'Mr. Michael Asiedu Offei', '13', '', '', '7'),
(323, 'Reception - Kumasi', '17', '', '', '5'),
(324, 'Isaac Nkoah-Mensah', '12', '', '', '5'),
(325, 'Abdul Rahman Masoud', '8', '', '', '5'),
(326, 'Frank Djomoah', '17', '', '', '5'),
(327, 'Seth Mensah', '17', '', '', '5'),
(328, 'CLEMENT AKASOBA', '', '', '', ''),
(329, 'Josephine Adu-Fowaa', '4', '', '', '1'),
(330, 'HO- Reception', '17', '', '', '2'),
(331, 'K.Ameyaw-badu', '6', '', '', '2'),
(332, 'Server Room-Ho', '6', '', '', '2'),
(333, 'Finance Division', '', '', '', ''),
(334, 'Engineering Division', '', '', '', ''),
(335, 'Consumer &Coorporate Affairs Division', '', '', '', ''),
(336, 'Administration & Huaman Resource Division', '', '', '', ''),
(337, 'M &C Division', '', '', '', ''),
(338, 'LEGAL', '', '', '', ''),
(339, 'Legal Divison', '', '', '', ''),
(340, 'Rearch & Development Division', '', '', '', ''),
(341, 'Regulatory Administration Division', '', '', '', ''),
(342, 'Internal Audit Division', '', '', '', ''),
(343, 'Policy, Innovation & Strategy Divison', '', '', '', ''),
(344, 'OSMAN ALHASSAN', '1', '', '', '1'),
(345, 'kwabena kwaku', '5', '', '', '1'),
(346, 'kwabena kwaku', '', '', '', ''),
(347, 'kwabena Kwaku', '', '', '', ''),
(348, 'PHILIP BROCK', '8', '', '', '1'),
(349, 'JOSEPH CUDJOE', '', '', '', ''),
(350, 'KWADWO DANSO AKEAMPONG', '', '', '', ''),
(351, 'RACHEL AUSTIN', '', '', '', ''),
(352, 'SYLVIA OKRAH', '', '', '', ''),
(353, 'SAMUEL GRAHAM', '', '', '', ''),
(354, 'ABDULAI ATINGBA', '', '', '', ''),
(355, 'Alex Doe', '11', '', '', '1'),
(356, 'Gifty Dadabaa', '9', '', '', '1'),
(357, 'james sowah', '9', '', '', '1'),
(358, 'Glori Boateng', '', '', '', ''),
(359, 'Tracy Grace Amoah', '', '', '', ''),
(360, 'Abigail Gunn', '', '', '', ''),
(361, 'Amma Owusu Boahene', '', '', '', ''),
(362, 'Sarah Lamptey', '', '', '', ''),
(363, 'Presentation Laptop 1', '1', '', '', '1'),
(364, 'Presentation Laptop 2', '1', '', '', '1'),
(365, 'Presentation Laptop 3', '1', '', '', '1'),
(366, 'Mercy Obeng  Dapaah', '9', '', '', '1'),
(367, 'EMMANUEL YANSON', '3', '', '', '1'),
(368, 'JOSHOUA PEPRAH', '13', '', '', '1'),
(369, 'MAWUKO AMANFOH', '2', '', '', '1'),
(370, 'IT Monitoring', '', '', '', ''),
(371, 'Prince O. Sefah', '18', '', '', '1'),
(377, 'Reception - Bolga', '17', '', '', '6'),
(378, 'Reception - Accra', '17', '', '', '1'),
(379, 'Reception - Ho', '17', '', '', '2'),
(380, 'Reception - Koforidua', '17', '', '', '3'),
(382, 'Reception - Sunyani', '17', '', '', '8'),
(383, 'Reception - Takoradi', '17', '', '', '4'),
(384, 'Reception - Tamale', '17', '', '', '7'),
(385, 'General Office Use - Bolga', '17', '', '', '6'),
(386, 'General Office Use - Accra', '17', '', '', '1'),
(387, 'General Office Use - Ho', '17', '', '', '2'),
(388, 'General Office Use - Koforidua', '17', '', '', '3'),
(389, 'General Office Use - Kumasi', '17', '', '', '5'),
(390, 'General Office Use - Sunyani', '17', '', '', '8'),
(391, 'General Office Use - Takoradi', '17', '', '', '4'),
(392, 'General Office Use - Tamale', '17', '', '', '7'),
(393, 'Internet Router 3rd Floor', '1', '', '', '7'),
(394, 'TCI Equipment - Tamale', '1', '', '', '7'),
(395, 'Manager - Office', '17', '', '', '7');

-- --------------------------------------------------------

--
-- Table structure for table `maintenance`
--
-- Creation: Jul 10, 2017 at 03:18 PM
--

DROP TABLE IF EXISTS `maintenance`;
CREATE TABLE `maintenance` (
  `maintenanceID` int(10) NOT NULL,
  `AssetID` varchar(10) DEFAULT NULL,
  `MaintenanceDate` varchar(10) DEFAULT NULL,
  `MaintenanceDescription` varchar(200) DEFAULT NULL,
  `MaintenanceBy` varchar(30) DEFAULT NULL,
  `MaintenanceCost` int(25) DEFAULT NULL
) ;

--
-- RELATIONSHIPS FOR TABLE `maintenance`:
--

--
-- Dumping data for table `maintenance`
--

INSERT INTO `maintenance` (`maintenanceID`, `AssetID`, `MaintenanceDate`, `MaintenanceDescription`, `MaintenanceBy`, `MaintenanceCost`) VALUES
(1, '330', '2017-07-13', 'The mouse ', 'Brian', 0),
(2, '331', '2017-07-12', 'thsia one too was really annoying', 'Briann', 0),
(3, '248', '2017-07-19', 'sdas', 'df', 33);

-- --------------------------------------------------------

--
-- Table structure for table `office`
--
-- Creation: Jul 05, 2017 at 01:31 PM
--

DROP TABLE IF EXISTS `office`;
CREATE TABLE `office` (
  `officeID` int(1) NOT NULL,
  `Office` varchar(11) DEFAULT NULL
) ;

--
-- RELATIONSHIPS FOR TABLE `office`:
--

--
-- Dumping data for table `office`
--

INSERT INTO `office` (`officeID`, `Office`) VALUES
(1, 'Head Office'),
(2, 'Ho'),
(3, 'Koforidua'),
(4, 'Takoradi'),
(5, 'Kumasi'),
(6, 'Bolga'),
(7, 'Tamale'),
(8, 'Sunyani');

-- --------------------------------------------------------

--
-- Table structure for table `reports`
--
-- Creation: Jul 05, 2017 at 01:32 PM
--

DROP TABLE IF EXISTS `reports`;
CREATE TABLE `reports` (
  `ReportsID` int(1) NOT NULL,
  `ReportCategory` varchar(22) DEFAULT NULL
) ;

--
-- RELATIONSHIPS FOR TABLE `reports`:
--

--
-- Dumping data for table `reports`
--

INSERT INTO `reports` (`ReportsID`, `ReportCategory`) VALUES
(1, 'Asset by Category'),
(2, 'Asset by Date Acquired'),
(3, 'Asset by Date Issued'),
(4, 'Asset by Division'),
(5, 'Asset by Employee'),
(6, 'Asset by Vendor'),
(7, 'Maintenance History');

-- --------------------------------------------------------

--
-- Table structure for table `requests`
--
-- Creation: Jul 09, 2017 at 10:43 PM
--

DROP TABLE IF EXISTS `requests`;
CREATE TABLE `requests` (
  `requestID` int(10) NOT NULL,
  `Employee` int(10) NOT NULL,
  `Division` varchar(100) NOT NULL,
  `Office` int(10) NOT NULL,
  `Asset` int(10) NOT NULL,
  `DateRequested` date NOT NULL,
  `Status` enum('Approved','Pending','Disapproved') NOT NULL DEFAULT 'Pending'
) ;

--
-- RELATIONSHIPS FOR TABLE `requests`:
--   `Asset`
--       `asset_category` -> `assetCategoryID`
--   `Division`
--       `divisions` -> `divisionID`
--   `Employee`
--       `employees` -> `employeeID`
--   `Office`
--       `office` -> `officeID`
--

--
-- Dumping data for table `requests`
--

INSERT INTO `requests` (`requestID`, `Employee`, `Division`, `Office`, `Asset`, `DateRequested`, `Status`) VALUES
(21, 238, '8', 1, 18, '2017-07-29', 'Approved'),
(22, 238, '8', 1, 5, '2017-07-11', 'Approved');

-- --------------------------------------------------------

--
-- Table structure for table `status`
--
-- Creation: Jul 05, 2017 at 01:32 PM
--

DROP TABLE IF EXISTS `status`;
CREATE TABLE `status` (
  `statusID` int(1) NOT NULL,
  `Status` varchar(10) DEFAULT NULL
) ;

--
-- RELATIONSHIPS FOR TABLE `status`:
--

--
-- Dumping data for table `status`
--

INSERT INTO `status` (`statusID`, `Status`) VALUES
(1, 'In Service'),
(2, 'Inactive'),
(3, 'Sold');

-- --------------------------------------------------------

--
-- Table structure for table `users`
--
-- Creation: Jul 05, 2017 at 02:27 PM
--

DROP TABLE IF EXISTS `users`;
CREATE TABLE `users` (
  `userId` int(3) NOT NULL,
  `username` varchar(200) NOT NULL,
  `firstname` varchar(100) NOT NULL,
  `lastname` varchar(100) NOT NULL,
  `password` varchar(200) NOT NULL
) ;

--
-- RELATIONSHIPS FOR TABLE `users`:
--

--
-- Dumping data for table `users`
--

INSERT INTO `users` (`userId`, `username`, `firstname`, `lastname`, `password`) VALUES
(1, 'bnmm', 'Brian', 'Martey', 'c4ca4238a0b923820dcc509a6f75849b');

-- --------------------------------------------------------

--
-- Table structure for table `vendors`
--
-- Creation: Jul 10, 2017 at 03:17 PM
--

DROP TABLE IF EXISTS `vendors`;
CREATE TABLE `vendors` (
  `vendorID` int(2) NOT NULL,
  `VendorName` varchar(34) DEFAULT NULL,
  `ContactPersonnel` varchar(150) DEFAULT NULL,
  `ContactNumber` varchar(25) NOT NULL,
  `Address` varchar(150) DEFAULT NULL,
  `PhysicalLocation` varchar(100) DEFAULT NULL,
  `Country` varchar(50) DEFAULT NULL,
  `PhoneNumber` varchar(25) DEFAULT NULL,
  `Notes` varchar(100) DEFAULT NULL
) ;

--
-- RELATIONSHIPS FOR TABLE `vendors`:
--   `Country`
--       `countries` -> `id`
--

--
-- Dumping data for table `vendors`
--

INSERT INTO `vendors` (`vendorID`, `VendorName`, `ContactPersonnel`, `ContactNumber`, `Address`, `PhysicalLocation`, `Country`, `PhoneNumber`, `Notes`) VALUES
(1, 'Next Computers', 'Oye', '', '', '', '83', '233244313518', ''),
(2, 'Perfect Business', 'Maame Serwaa', '', '', '', '83', '2335777777783', ''),
(3, 'Madson Japan', '', '', '', '', '83', '', ''),
(4, 'IPMC', 'Gifty', '', '', '', '83', '233244264711', ''),
(5, 'Telefonika', '', '', '', '', '83', '', ''),
(6, 'SAP (Persol)', 'Thomas Philips', '', '', '', '83', '233244317868', ''),
(7, 'Tci Inc', '', '', '', '', '83', '', ''),
(8, 'Planet Network International (PNI)', '', '', '', '', '83', '', ''),
(9, 'SIGOS (Rhema System)', '', '', '', '', '83', '', ''),
(10, 'Vodaphone', 'Emmanuel', '', '', '', '83', '233202009460', '');

--
-- Indexes for dumped tables
--

--
-- Indexes for table `assets`
--
ALTER TABLE `assets`
  ADD PRIMARY KEY (`assetID`);

--
-- Indexes for table `asset_category`
--
ALTER TABLE `asset_category`
  ADD PRIMARY KEY (`assetCategoryID`);

--
-- Indexes for table `countries`
--
ALTER TABLE `countries`
  ADD PRIMARY KEY (`id`);

--
-- Indexes for table `divisions`
--
ALTER TABLE `divisions`
  ADD PRIMARY KEY (`divisionID`);

--
-- Indexes for table `employees`
--
ALTER TABLE `employees`
  ADD PRIMARY KEY (`employeeID`);

--
-- Indexes for table `maintenance`
--
ALTER TABLE `maintenance`
  ADD PRIMARY KEY (`maintenanceID`);

--
-- Indexes for table `office`
--
ALTER TABLE `office`
  ADD PRIMARY KEY (`officeID`);

--
-- Indexes for table `reports`
--
ALTER TABLE `reports`
  ADD PRIMARY KEY (`ReportsID`);

--
-- Indexes for table `requests`
--
ALTER TABLE `requests`
  ADD PRIMARY KEY (`requestID`);

--
-- Indexes for table `status`
--
ALTER TABLE `status`
  ADD PRIMARY KEY (`statusID`);

--
-- Indexes for table `users`
--
ALTER TABLE `users`
  ADD PRIMARY KEY (`userId`);

--
-- Indexes for table `vendors`
--
ALTER TABLE `vendors`
  ADD PRIMARY KEY (`vendorID`);

--
-- AUTO_INCREMENT for dumped tables
--

--
-- AUTO_INCREMENT for table `assets`
--
ALTER TABLE `assets`
  MODIFY `assetID` int(3) NOT NULL AUTO_INCREMENT;
--
-- AUTO_INCREMENT for table `asset_category`
--
ALTER TABLE `asset_category`
  MODIFY `assetCategoryID` int(2) NOT NULL AUTO_INCREMENT;
--
-- AUTO_INCREMENT for table `countries`
--
ALTER TABLE `countries`
  MODIFY `id` int(11) NOT NULL AUTO_INCREMENT;
--
-- AUTO_INCREMENT for table `divisions`
--
ALTER TABLE `divisions`
  MODIFY `divisionID` int(2) NOT NULL AUTO_INCREMENT;
--
-- AUTO_INCREMENT for table `employees`
--
ALTER TABLE `employees`
  MODIFY `employeeID` int(3) NOT NULL AUTO_INCREMENT;
--
-- AUTO_INCREMENT for table `maintenance`
--
ALTER TABLE `maintenance`
  MODIFY `maintenanceID` int(10) NOT NULL AUTO_INCREMENT;
--
-- AUTO_INCREMENT for table `office`
--
ALTER TABLE `office`
  MODIFY `officeID` int(1) NOT NULL AUTO_INCREMENT;
--
-- AUTO_INCREMENT for table `reports`
--
ALTER TABLE `reports`
  MODIFY `ReportsID` int(1) NOT NULL AUTO_INCREMENT;
--
-- AUTO_INCREMENT for table `requests`
--
ALTER TABLE `requests`
  MODIFY `requestID` int(10) NOT NULL AUTO_INCREMENT;
--
-- AUTO_INCREMENT for table `status`
--
ALTER TABLE `status`
  MODIFY `statusID` int(1) NOT NULL AUTO_INCREMENT;
--
-- AUTO_INCREMENT for table `users`
--
ALTER TABLE `users`
  MODIFY `userId` int(3) NOT NULL AUTO_INCREMENT;
--
-- AUTO_INCREMENT for table `vendors`
--
ALTER TABLE `vendors`
  MODIFY `vendorID` int(2) NOT NULL AUTO_INCREMENT;COMMIT;

/*!40101 SET CHARACTER_SET_CLIENT=@OLD_CHARACTER_SET_CLIENT */;
/*!40101 SET CHARACTER_SET_RESULTS=@OLD_CHARACTER_SET_RESULTS */;
/*!40101 SET COLLATION_CONNECTION=@OLD_COLLATION_CONNECTION */;
